-- phpMyAdmin SQL Dump
-- version 4.5.4.1deb2ubuntu2
-- http://www.phpmyadmin.net
--
-- Host: localhost
-- Generation Time: May 30, 2018 at 01:26 PM
-- Server version: 5.7.22-0ubuntu0.16.04.1
-- PHP Version: 7.0.30-0ubuntu0.16.04.1

SET SQL_MODE = "NO_AUTO_VALUE_ON_ZERO";
SET time_zone = "+00:00";


/*!40101 SET @OLD_CHARACTER_SET_CLIENT=@@CHARACTER_SET_CLIENT */;
/*!40101 SET @OLD_CHARACTER_SET_RESULTS=@@CHARACTER_SET_RESULTS */;
/*!40101 SET @OLD_COLLATION_CONNECTION=@@COLLATION_CONNECTION */;
/*!40101 SET NAMES utf8mb4 */;

--
-- Database: `skywalkerdb`
--

-- --------------------------------------------------------

--
-- Table structure for table `categories`
--

CREATE TABLE `categories` (
  `id` int(10) UNSIGNED NOT NULL,
  `name` varchar(128) COLLATE utf8mb4_unicode_ci NOT NULL,
  `slug` varchar(128) COLLATE utf8mb4_unicode_ci NOT NULL,
  `body` mediumtext COLLATE utf8mb4_unicode_ci,
  `created_at` timestamp NULL DEFAULT NULL,
  `updated_at` timestamp NULL DEFAULT NULL
) ENGINE=InnoDB DEFAULT CHARSET=utf8mb4 COLLATE=utf8mb4_unicode_ci;

--
-- Dumping data for table `categories`
--

INSERT INTO `categories` (`id`, `name`, `slug`, `body`, `created_at`, `updated_at`) VALUES
(1, 'Aliquam officia ducimus atque dicta.', 'aliquam-officia-ducimus-atque-dicta', 'Error aut distinctio sed assumenda. Officia reprehenderit voluptatem id numquam. Enim rerum velit et eligendi temporibus. Porro praesentium assumenda ea deserunt accusamus nesciunt. Sunt perferendis hic id nihil. Facilis hic qui et occaecati est porro. Cum iste eum fuga eveniet quia consequuntur. Aut repudiandae dolores sunt velit doloribus est perspiciatis. Exercitationem ad excepturi tenetur rerum corporis laborum molestiae ut. Aliquam explicabo assumenda dolorem deleniti porro.', '2018-05-29 06:45:26', '2018-05-29 06:45:26'),
(2, 'Cum cumque non distinctio.', 'cum-cumque-non-distinctio', 'Qui eos quia sint accusantium architecto labore. Quis rerum blanditiis rerum necessitatibus autem ab quia. Animi qui ducimus minima sunt quaerat ut et expedita. Et numquam ad facilis aut quia neque. Velit esse assumenda rerum reprehenderit eveniet. Enim est nam reprehenderit aut. Voluptas eius eos error sequi amet nisi est. Perspiciatis et sint quisquam temporibus et temporibus. Ut aut voluptate tempore quidem est ratione et sit.', '2018-05-29 06:45:26', '2018-05-29 06:45:26'),
(3, 'Dolores error laboriosam consectetur alias harum.', 'dolores-error-laboriosam-consectetur-alias-harum', 'Ex assumenda veritatis quia nemo sint. Aliquam minima impedit quia eum quis fugiat. A voluptatum sit animi minus aliquam. Rerum et dolore velit. Voluptas nobis id velit tempore. Ut et labore sit illum occaecati omnis. Quod culpa quia ea esse aut. Occaecati labore est eos. Aliquam architecto quo voluptas voluptatem eaque nesciunt non. Enim illum voluptatem enim placeat voluptas.', '2018-05-29 06:45:26', '2018-05-29 06:45:26'),
(4, 'Delectus magni est corporis eos.', 'delectus-magni-est-corporis-eos', 'Voluptas et sint aut et consequatur fuga id. Enim amet voluptatibus quidem cumque et. Omnis repudiandae nesciunt voluptatem aut ipsum. Non voluptate quo rem voluptatum distinctio et. Debitis fugiat dolorem fugiat deserunt. Qui vel corporis harum. Eum magni sit sunt aut assumenda voluptas id.', '2018-05-29 06:45:26', '2018-05-29 06:45:26'),
(5, 'Molestias doloribus architecto occaecati modi.', 'molestias-doloribus-architecto-occaecati-modi', 'Non velit blanditiis enim vel laboriosam numquam. Dolor eos odio laborum natus. Repudiandae fugit totam tempore sed qui. Id totam voluptas dignissimos consectetur in iusto. Dolores dolorum vel in iste explicabo qui et. Sit eos rem beatae molestiae explicabo possimus. Maiores quaerat tenetur neque cum impedit. Vero sed impedit veniam beatae fugiat. Alias corporis aliquid ut voluptatem ad. Veniam aspernatur possimus cumque nesciunt eos facilis aut. Deserunt facere dolores tenetur suscipit.', '2018-05-29 06:45:26', '2018-05-29 06:45:26'),
(6, 'Aspernatur non tenetur recusandae.', 'aspernatur-non-tenetur-recusandae', 'Eveniet est temporibus perspiciatis quia veniam minus aliquam. Aspernatur quia autem cumque alias unde veniam. Aut officiis repellat ut error sunt. Et facere non dolores. Beatae aut aspernatur ullam quas dolore voluptatem cum. Excepturi aut sequi voluptates in vel excepturi. Eum sequi est id saepe vitae harum optio. Provident quia deleniti ad temporibus ratione et nihil. Quia tempore ut repellendus dolorum soluta inventore accusantium.', '2018-05-29 06:45:26', '2018-05-29 06:45:26'),
(7, 'Qui reprehenderit aliquam itaque.', 'qui-reprehenderit-aliquam-itaque', 'Expedita animi eum vel deleniti consequatur. Debitis architecto ea aut laudantium dolores qui. Temporibus voluptatem officia maiores. Excepturi sed repellendus neque eos et reprehenderit. Laborum eveniet quo suscipit laudantium. Inventore illo debitis culpa sunt corporis. Aut occaecati praesentium et.', '2018-05-29 06:45:26', '2018-05-29 06:45:26'),
(8, 'Sequi eius iste et.', 'sequi-eius-iste-et', 'Tempore quo minima repellat nostrum quia aliquid et. Odio ratione ipsa aliquid nostrum. Ratione amet veniam similique inventore temporibus corporis eos. Voluptatem nam est autem iure qui. Voluptatibus itaque reiciendis nobis quibusdam reiciendis enim ut et. Sequi et delectus unde. Deserunt architecto delectus inventore dolore. Enim quisquam libero ducimus nisi. Nihil voluptatem consequuntur velit dolore vitae est assumenda. Molestiae dolores iste aut.', '2018-05-29 06:45:26', '2018-05-29 06:45:26'),
(9, 'Voluptatem molestias id ratione.', 'voluptatem-molestias-id-ratione', 'Excepturi non consequatur unde eum veniam minus enim. Nihil doloribus hic quis impedit. Non nulla sint neque vitae id velit. Eaque ab accusantium vel hic non blanditiis. Excepturi ut aperiam optio voluptate qui aperiam accusamus est. Molestias placeat sint placeat numquam laborum. Nisi eum non occaecati perspiciatis ducimus minus omnis. Ea nihil officia dolor voluptatum.', '2018-05-29 06:45:26', '2018-05-29 06:45:26'),
(10, 'Autem quia quam dolorem molestiae nobis.', 'autem-quia-quam-dolorem-molestiae-nobis', 'Reprehenderit et et ipsa eaque repellat et dignissimos. Minus perferendis reprehenderit dolorum qui delectus blanditiis. Ut repellendus enim et dolorum facilis sequi. Tempora est repellendus ut consequatur cum iusto excepturi. Et necessitatibus itaque dolorem aut omnis ratione. Non quidem libero placeat ut eum. Voluptatem ut minima eum earum facere voluptatem. Eum quidem et rem quod et.', '2018-05-29 06:45:26', '2018-05-29 06:45:26'),
(11, 'Ut magni fugiat quasi ut velit.', 'ut-magni-fugiat-quasi-ut-velit', 'Est dolor amet ab rerum. Mollitia odit amet consequatur velit. Vitae ut maiores voluptatem labore ut. Commodi quaerat aut sed voluptatum. Enim earum commodi totam ipsam. Ullam voluptas nostrum facere ut qui velit saepe. Aspernatur dolores assumenda deleniti. Consequuntur recusandae et et quaerat autem ex. Vitae nulla quisquam non deleniti quibusdam.', '2018-05-29 06:45:26', '2018-05-29 06:45:26'),
(12, 'Distinctio autem possimus non.', 'distinctio-autem-possimus-non', 'Voluptas unde inventore natus quas esse expedita. Assumenda labore et iste. Voluptatibus sunt consectetur excepturi id. Sed consequatur iste quibusdam laborum voluptatem architecto. Commodi velit reprehenderit atque pariatur. Cupiditate ipsam quia eaque illum eos soluta quibusdam animi. Explicabo earum veniam nemo ut omnis.', '2018-05-29 06:45:26', '2018-05-29 06:45:26'),
(13, 'In repellendus error voluptatibus laborum.', 'in-repellendus-error-voluptatibus-laborum', 'Aut ipsa placeat dolore error. Suscipit veritatis ut sapiente ut autem et dolores. Earum quia voluptas explicabo vel eum earum. In cumque et labore nisi et et qui. Aut odio ut similique qui ea. Animi voluptatibus ab quasi libero maxime est. Consequatur est totam corrupti porro eligendi dicta praesentium. Consectetur quis magni sapiente optio facilis. Unde deleniti dolore voluptatibus labore facere enim minus. Similique vel saepe dolores nam quae qui.', '2018-05-29 06:45:26', '2018-05-29 06:45:26'),
(14, 'Fugiat et harum.', 'fugiat-et-harum', 'Non qui et minus molestias omnis aut. Et libero sed quia eius accusamus. Aspernatur rerum tenetur rerum minima. Quis rerum amet consequuntur sit ut dolorem odit. Asperiores non ut nam sed inventore facilis ut dolorum. Earum aliquam est id nam. Mollitia qui consequatur vitae dolores. Qui rerum recusandae est provident et. Molestias repellat nihil saepe officiis distinctio et ut. Sunt et dolorum quia eius ducimus deserunt.', '2018-05-29 06:45:26', '2018-05-29 06:45:26'),
(15, 'Voluptatum qui quo velit.', 'voluptatum-qui-quo-velit', 'Consequatur at ut amet fuga accusantium. Sint asperiores cupiditate quisquam eum praesentium. Cupiditate nostrum labore dolorem in eos. Consequuntur occaecati distinctio aut sed fugiat et deserunt quia. Laboriosam sit inventore non aut sunt in sunt. Vel dicta dolores aut voluptas sit non incidunt. Error deserunt rerum qui. Aperiam repellendus culpa qui sit ea voluptatum. Ipsum et impedit eligendi et magnam adipisci dicta nisi.', '2018-05-29 06:45:26', '2018-05-29 06:45:26'),
(16, 'Neque eos excepturi voluptas sint.', 'neque-eos-excepturi-voluptas-sint', 'Dolorem vel facilis rerum. Veniam illo sint nam eum exercitationem non. Dolores at culpa et voluptatem laboriosam vero minus. Et ad a porro. Magnam facere quos explicabo nobis. Iure eaque corrupti id rerum vel rerum rerum veritatis. Ducimus est ut cumque corporis impedit ut. Sed vero qui molestiae est aut ut assumenda. Cumque beatae libero eius necessitatibus quibusdam ut cumque. Ipsam rem eveniet quod omnis consequatur est.', '2018-05-29 06:45:26', '2018-05-29 06:45:26'),
(17, 'Magnam autem adipisci expedita sed.', 'magnam-autem-adipisci-expedita-sed', 'Magni eaque aspernatur sit hic. Perspiciatis repudiandae delectus assumenda reprehenderit et et. Quo omnis nam sit commodi qui corporis sit corporis. Quod fugiat hic reiciendis porro. Sit omnis ut aliquam quidem maiores. Aliquid ratione suscipit quia error maiores similique et perferendis. Recusandae velit eligendi ut voluptatibus mollitia inventore dolorem. Mollitia doloremque sunt fugiat sint. Laborum sit perspiciatis facere culpa illo omnis.', '2018-05-29 06:45:27', '2018-05-29 06:45:27'),
(18, 'Officiis et qui consequatur.', 'officiis-et-qui-consequatur', 'Id quia et reiciendis provident dolorum fugit aut. Quas quibusdam est rerum at. Fugit autem possimus magnam nemo occaecati. Ut error eaque enim voluptatem odio cupiditate illo. Assumenda aspernatur ut id doloremque ut aut praesentium. Et temporibus consequatur eos ad nihil nulla possimus. Est ad ut vitae similique odio velit. Veniam dolorum harum quo vel nihil iste.', '2018-05-29 06:45:27', '2018-05-29 06:45:27'),
(19, 'Perspiciatis aut et est officia cumque.', 'perspiciatis-aut-et-est-officia-cumque', 'Fugit tenetur explicabo magnam vel dignissimos. Voluptate illum voluptatibus sit ad ratione aut dignissimos. Veniam quos quisquam maiores libero nemo dolores. Quia nostrum ea voluptatibus qui. Sint iure ullam est velit. Omnis saepe quod aut error voluptate quia quod. At eum magnam voluptatem ut doloremque dignissimos. Similique aliquid expedita deserunt voluptates sit voluptatibus.', '2018-05-29 06:45:27', '2018-05-29 06:45:27'),
(20, 'Architecto rerum quae iusto ut.', 'architecto-rerum-quae-iusto-ut', 'Eos qui aspernatur sit. Doloribus vero facere totam alias. Sint quia voluptate architecto est animi corrupti qui. Est est ipsum fugiat et. Inventore odio et beatae veniam. Praesentium repellat quia odit necessitatibus eum reprehenderit eius dolorem. Ex quaerat asperiores omnis neque vero molestiae vel. Sed excepturi dolorem quia rerum repudiandae maxime tempora. Laudantium numquam debitis et nihil minima consequatur velit. Expedita ea commodi tempore. Nisi harum animi et est pariatur veniam.', '2018-05-29 06:45:27', '2018-05-29 06:45:27');

-- --------------------------------------------------------

--
-- Table structure for table `migrations`
--

CREATE TABLE `migrations` (
  `id` int(10) UNSIGNED NOT NULL,
  `migration` varchar(255) COLLATE utf8mb4_unicode_ci NOT NULL,
  `batch` int(11) NOT NULL
) ENGINE=InnoDB DEFAULT CHARSET=utf8mb4 COLLATE=utf8mb4_unicode_ci;

--
-- Dumping data for table `migrations`
--

INSERT INTO `migrations` (`id`, `migration`, `batch`) VALUES
(49, '2014_10_12_000000_create_users_table', 1),
(50, '2014_10_12_100000_create_password_resets_table', 1),
(51, '2018_05_28_225645_create_categories_table', 1),
(52, '2018_05_28_225701_create_posts_table', 1),
(53, '2018_05_28_225726_create_tags_table', 1),
(54, '2018_05_28_230140_create_post_tag_table', 1);

-- --------------------------------------------------------

--
-- Table structure for table `password_resets`
--

CREATE TABLE `password_resets` (
  `email` varchar(128) COLLATE utf8mb4_unicode_ci NOT NULL,
  `token` varchar(255) COLLATE utf8mb4_unicode_ci NOT NULL,
  `created_at` timestamp NULL DEFAULT NULL
) ENGINE=InnoDB DEFAULT CHARSET=utf8mb4 COLLATE=utf8mb4_unicode_ci;

-- --------------------------------------------------------

--
-- Table structure for table `posts`
--

CREATE TABLE `posts` (
  `id` int(10) UNSIGNED NOT NULL,
  `user_id` int(10) UNSIGNED NOT NULL,
  `category_id` int(10) UNSIGNED NOT NULL,
  `name` varchar(128) COLLATE utf8mb4_unicode_ci NOT NULL,
  `slug` varchar(128) COLLATE utf8mb4_unicode_ci NOT NULL,
  `excerpt` mediumtext COLLATE utf8mb4_unicode_ci,
  `body` text COLLATE utf8mb4_unicode_ci NOT NULL,
  `status` enum('PUBLISHED','DRAFT') COLLATE utf8mb4_unicode_ci NOT NULL DEFAULT 'DRAFT',
  `file` varchar(128) COLLATE utf8mb4_unicode_ci DEFAULT NULL,
  `created_at` timestamp NULL DEFAULT NULL,
  `updated_at` timestamp NULL DEFAULT NULL
) ENGINE=InnoDB DEFAULT CHARSET=utf8mb4 COLLATE=utf8mb4_unicode_ci;

--
-- Dumping data for table `posts`
--

INSERT INTO `posts` (`id`, `user_id`, `category_id`, `name`, `slug`, `excerpt`, `body`, `status`, `file`, `created_at`, `updated_at`) VALUES
(1, 19, 19, 'Officia molestias quis voluptatem beatae.', 'officia-molestias-quis-voluptatem-beatae', 'Sint aut quibusdam atque atque repellendus nostrum voluptas. Iure est mollitia enim placeat.', 'Quidem facilis numquam et soluta voluptates consectetur quia. Magnam dicta adipisci ullam consequatur impedit. Quidem quia ut non ut hic voluptas. Perspiciatis dolore iure molestias sunt quia quia. Qui omnis distinctio alias eligendi. Enim hic tenetur facere facilis saepe rerum numquam iusto. Voluptas impedit vel sed non laudantium sit ut.', 'PUBLISHED', 'https://lorempixel.com/1200/400/?45394', '2018-05-29 06:45:28', '2018-05-29 06:45:28'),
(2, 5, 3, 'Cum excepturi quidem voluptatem consequatur.', 'cum-excepturi-quidem-voluptatem-consequatur', 'Officia culpa tempora possimus a. Quis qui ea qui laudantium voluptas. Adipisci aspernatur esse minus laudantium optio quisquam harum magnam.', 'Saepe optio quae sed sapiente. Voluptates quam voluptas distinctio sit dolore autem quae. Ut sit molestiae ut in illum. Facilis sed magni quod quisquam quibusdam sint. Accusantium tempore quia aperiam doloribus et qui omnis recusandae. Ea commodi et rerum quis. Et sed voluptatum est provident. Earum corrupti est saepe aliquid iure vel et. Unde vitae repellat ab sed mollitia eveniet. Et modi ea excepturi reprehenderit dolorem debitis reprehenderit. Ab nihil veniam non.', 'PUBLISHED', 'https://lorempixel.com/1200/400/?91214', '2018-05-29 06:45:28', '2018-05-29 06:45:28'),
(3, 8, 8, 'Nihil placeat sit.', 'nihil-placeat-sit', 'Voluptatum eos sit est quam itaque et dolore sit. Minus iste ut quisquam ut. Error eaque voluptates sunt aliquid. Sed autem ut voluptatibus suscipit quis.', 'Et neque fuga rerum qui natus necessitatibus dolore. Qui odit consequatur sit suscipit enim non sit. Esse corporis aut molestias ut molestiae accusantium. Quaerat id doloribus quo dolorem. Aspernatur cupiditate veritatis alias iusto. Maiores et nobis recusandae. Iure placeat similique quisquam vero id. Natus culpa quas beatae temporibus nisi perferendis dolore.', 'PUBLISHED', 'https://lorempixel.com/1200/400/?23788', '2018-05-29 06:45:28', '2018-05-29 06:45:28'),
(4, 16, 20, 'Odit quae quaerat dolor dicta esse.', 'odit-quae-quaerat-dolor-dicta-esse', 'Dolore autem dolores quia nisi repudiandae corporis. Perspiciatis voluptatum eum animi vitae asperiores. Dolor et iste nam voluptas veritatis quia exercitationem sequi.', 'Ab amet quo amet consequuntur ex qui facilis. Fugit nam quia impedit expedita velit nostrum neque. Maiores recusandae doloribus quidem modi sit eaque aut. Dolorem occaecati nisi blanditiis. Pariatur corporis accusamus quo fuga incidunt temporibus. Eveniet neque assumenda sint eos quia eos consequatur. Animi distinctio qui in in odio pariatur. Impedit corporis nisi non libero. Aut voluptatibus adipisci impedit.', 'PUBLISHED', 'https://lorempixel.com/1200/400/?38571', '2018-05-29 06:45:28', '2018-05-29 06:45:28'),
(5, 29, 18, 'Laudantium qui illum.', 'laudantium-qui-illum', 'Quod molestiae voluptatum ipsam quis. Nesciunt ut qui voluptatem consectetur sit. Sit fugit sint ratione aut iure et veritatis.', 'Fugit et minima accusantium laboriosam sapiente dolore. Autem voluptate expedita voluptas. Ullam fugit eos numquam dolores. Sunt vero quia repellat consequatur ipsa odit et. Quidem accusantium delectus aut consequatur dolorum quibusdam. Est dolor et architecto. Odio esse ad totam voluptates dolore ipsa quisquam. Fugit laborum omnis tenetur quos. Voluptas optio nisi voluptatum perferendis saepe. Quia similique fugiat placeat est sed fuga. Vero est est exercitationem et accusantium ratione.', 'PUBLISHED', 'https://lorempixel.com/1200/400/?87343', '2018-05-29 06:45:28', '2018-05-29 06:45:28'),
(6, 27, 17, 'Ut quae rerum eum fugit.', 'ut-quae-rerum-eum-fugit', 'Ut possimus aspernatur commodi. Ut laudantium delectus qui ut facilis. Enim consequatur sit et omnis aspernatur.', 'Commodi provident sed voluptate omnis. Cum culpa omnis omnis. Ipsum et et est hic repellat. Mollitia tempora vero modi esse illo. Sunt et et fuga. Voluptatibus quos enim dolores doloremque id. Id qui omnis officia ut eos voluptatum porro. Et quisquam aperiam voluptas sint voluptas. Voluptas sint dolores omnis doloremque saepe omnis. Nostrum tempora debitis blanditiis earum in omnis cumque in. Non eius id amet fuga non. Veritatis eaque sed nesciunt.', 'PUBLISHED', 'https://lorempixel.com/1200/400/?72497', '2018-05-29 06:45:28', '2018-05-29 06:45:28'),
(7, 10, 18, 'Quod alias pariatur adipisci amet.', 'quod-alias-pariatur-adipisci-amet', 'Facilis et ullam pariatur dolore ut ut corrupti recusandae. Ut aliquid dolorem velit animi. Et aliquam dolor laudantium est qui repellat hic ut. Enim qui voluptatum omnis rem autem et nostrum.', 'Aliquam nesciunt doloremque a rem. Minus quia velit nobis expedita quia. Accusamus vero quaerat est nisi nisi. Non molestiae non quis deserunt quia in impedit. Magnam commodi veniam autem tempore sequi quae. Nobis accusantium quo nisi. Id delectus incidunt qui error. Quasi autem eos numquam non expedita est. Animi sit sit quod iusto.', 'DRAFT', 'https://lorempixel.com/1200/400/?60745', '2018-05-29 06:45:28', '2018-05-29 06:45:28'),
(8, 23, 13, 'Explicabo veritatis eaque facere saepe.', 'explicabo-veritatis-eaque-facere-saepe', 'Error nulla nulla occaecati velit est. Hic commodi repellendus maxime.', 'Explicabo vel dolores nulla est doloribus. Eveniet laboriosam dolor autem neque aperiam reprehenderit. Vitae sed mollitia consequatur numquam. Delectus sed atque voluptates non unde distinctio. Repudiandae esse numquam rerum rerum. Quam sed quia rem voluptas et facilis voluptas quo. Doloremque enim omnis facilis incidunt temporibus adipisci hic. Qui eveniet optio earum perspiciatis voluptate deserunt perferendis. Autem et rerum voluptatibus totam dolorem. Dolor aliquid sed vel pariatur impedit.', 'PUBLISHED', 'https://lorempixel.com/1200/400/?67192', '2018-05-29 06:45:28', '2018-05-29 06:45:28'),
(9, 17, 15, 'Architecto non illum sint iste.', 'architecto-non-illum-sint-iste', 'Incidunt recusandae perspiciatis quis omnis sit odio id. Ad facilis et reiciendis nesciunt sequi repellat delectus. Suscipit consequuntur dolorum officiis vitae.', 'Dolores praesentium dignissimos in aliquam et sit saepe ut. Repellendus qui non eveniet nobis tenetur. Nemo dolorem unde labore voluptas animi ipsum magni cupiditate. Quos facere odio odit sed in. Eaque deleniti rerum repudiandae excepturi veniam maxime omnis. Hic possimus autem voluptates quidem. Non nemo voluptatem aliquid quam. Pariatur voluptas possimus est vitae quidem eaque ut. Et ut est unde laboriosam odio iure. Aperiam saepe hic aliquam incidunt sint molestias magni.', 'PUBLISHED', 'https://lorempixel.com/1200/400/?49130', '2018-05-29 06:45:28', '2018-05-29 06:45:28'),
(10, 17, 3, 'Molestiae possimus aut perspiciatis.', 'molestiae-possimus-aut-perspiciatis', 'Ab voluptatibus est recusandae. Nisi officiis rerum dolor consequatur. Et exercitationem quibusdam vero aut quia.', 'Omnis omnis et accusantium eaque ex tenetur eos. Quas est ut aut eaque. Fuga expedita odit explicabo modi hic. Sint quod aut perferendis nobis vitae vel. Et aut autem non laborum velit et at. Qui aut incidunt eos dignissimos enim voluptatem magnam. Ipsum accusamus sint qui incidunt esse. Omnis corporis voluptatibus sapiente optio expedita aut. Qui sequi voluptatem magni temporibus dolorem.', 'PUBLISHED', 'https://lorempixel.com/1200/400/?40583', '2018-05-29 06:45:28', '2018-05-29 06:45:28'),
(11, 11, 1, 'Enim quis corrupti odit.', 'enim-quis-corrupti-odit', 'Cumque nisi repellat repellat reiciendis sunt omnis. Sit ut velit nihil quos rerum molestias delectus. Hic voluptatem deserunt laboriosam qui voluptatem.', 'Et nostrum dolorum voluptates dolore omnis. Voluptate ut voluptatem aut nihil sit doloremque blanditiis inventore. Aliquam dolore voluptas rerum consequuntur. Architecto culpa totam odio alias qui porro. Vel voluptas exercitationem aut consequatur. Ut quisquam et eius qui voluptas aut repellendus qui. Quia expedita rem qui reprehenderit deserunt.', 'PUBLISHED', 'https://lorempixel.com/1200/400/?53003', '2018-05-29 06:45:28', '2018-05-29 06:45:28'),
(12, 9, 5, 'Qui in facilis assumenda occaecati sed.', 'qui-in-facilis-assumenda-occaecati-sed', 'Id excepturi esse quo commodi sed. Magni et distinctio repellat impedit aut rerum beatae.', 'Sed eum eaque dolores dolor reprehenderit quidem. Molestiae voluptatem atque totam. Placeat veniam beatae fugiat facere pariatur. Sed corporis ea eligendi aut voluptates. Odio voluptates doloremque molestias ut omnis quidem. Nam voluptatibus maiores doloribus laborum alias. Consequuntur quas perspiciatis excepturi harum quidem. Placeat doloribus qui ut aliquam perferendis.', 'DRAFT', 'https://lorempixel.com/1200/400/?90993', '2018-05-29 06:45:28', '2018-05-29 06:45:28'),
(13, 24, 10, 'Laboriosam reprehenderit est sed quo.', 'laboriosam-reprehenderit-est-sed-quo', 'Voluptatem unde sed veniam excepturi. Non numquam quae laborum saepe est est qui. Non nihil excepturi sit vero excepturi et quod. Magni nobis beatae officiis sint ut.', 'Voluptatem itaque corporis porro soluta. Doloremque incidunt quo doloribus temporibus velit explicabo. Voluptatem dolor exercitationem quia vitae ipsam unde ratione asperiores. Molestiae minima natus sunt est. Voluptates asperiores a optio natus voluptatem numquam sit. Animi sed nam in maxime culpa ipsa earum. Eligendi necessitatibus ut eius sit architecto repudiandae distinctio. Est voluptatibus autem distinctio tempora cupiditate repellendus quia. Et sit soluta qui laborum.', 'PUBLISHED', 'https://lorempixel.com/1200/400/?82549', '2018-05-29 06:45:28', '2018-05-29 06:45:28'),
(14, 22, 15, 'Vero qui ut ipsam esse provident.', 'vero-qui-ut-ipsam-esse-provident', 'Alias culpa corporis iusto natus dolor quia temporibus ullam. Labore aut atque nam laborum dolorem. Voluptas officia et atque vitae non facere pariatur.', 'Consequatur voluptas magnam odio. Porro molestiae id culpa. Voluptatem culpa nisi velit reiciendis voluptatem. Aperiam eligendi recusandae numquam laboriosam eum quibusdam. Perspiciatis architecto nam tenetur quis quidem voluptatibus recusandae. Qui ut voluptatem a dolore. Quasi minima quo sit ut rerum velit. Impedit alias blanditiis et. Nobis in sunt tempora optio. Molestias enim aut quae cupiditate.', 'PUBLISHED', 'https://lorempixel.com/1200/400/?30774', '2018-05-29 06:45:28', '2018-05-29 06:45:28'),
(15, 16, 1, 'Quos voluptate aut nam possimus.', 'quos-voluptate-aut-nam-possimus', 'Veniam laudantium qui illum harum adipisci quo. Quas consequatur sint dicta repellat laudantium nihil in. Qui aliquid ipsam asperiores et aut doloribus iure. Est libero eaque et culpa atque ut.', 'In et iure pariatur tempora maiores enim quas. Incidunt ducimus corrupti labore laboriosam neque et ut natus. Pariatur facilis enim qui quae vel odit aut. Eligendi hic sed eius. Maiores assumenda fuga dolor alias et veniam ipsa. Qui inventore vero enim dolor dolores. Magnam recusandae perspiciatis quo dolores mollitia dolor non. Quis voluptas at repudiandae sit et et nisi. Earum nesciunt odit ad et mollitia. Quo at et distinctio quo.', 'DRAFT', 'https://lorempixel.com/1200/400/?78520', '2018-05-29 06:45:28', '2018-05-29 06:45:28'),
(16, 5, 3, 'Eveniet tenetur fugiat quo.', 'eveniet-tenetur-fugiat-quo', 'Est soluta odit ut corrupti. Reiciendis iure enim doloremque et dignissimos quas qui. Et eaque nemo ut totam voluptatem nam. Similique quo aut inventore. Fugiat consequatur ipsam est qui.', 'Aspernatur ad reiciendis enim repellendus voluptatem. Delectus et et sapiente qui. Iusto facilis facere nihil ullam ducimus qui. Ut quis dolorem saepe corrupti et voluptatem molestias. Nihil vitae adipisci vitae veniam unde sint. Qui qui reprehenderit ea. Quas qui eum dicta neque id fuga. Perspiciatis deserunt eligendi est tempora molestias debitis et. Quia labore sit cumque. Voluptas adipisci cumque odit. Neque eveniet quo qui dolorum. Odio possimus eum a at aspernatur ut.', 'PUBLISHED', 'https://lorempixel.com/1200/400/?60050', '2018-05-29 06:45:28', '2018-05-29 06:45:28'),
(17, 28, 7, 'Sint architecto rerum alias quis.', 'sint-architecto-rerum-alias-quis', 'Dolor sit rerum ipsam fugiat minus qui. Dolores modi dicta qui voluptatem dolorem officiis sapiente. Veniam vitae quaerat at esse. Dignissimos ipsa nesciunt officiis laboriosam quia.', 'Porro aut eaque iure in. Repellendus voluptatibus excepturi voluptas dolorem animi. Nulla neque fuga enim impedit voluptas nisi voluptatem. Voluptatum minima consequatur recusandae ducimus. Aut voluptatibus quae earum expedita enim et. Praesentium enim quisquam maxime ullam quis. Cumque itaque deleniti impedit asperiores voluptatem sint et accusantium. At et aspernatur soluta eveniet beatae. Adipisci veniam et explicabo.', 'PUBLISHED', 'https://lorempixel.com/1200/400/?45631', '2018-05-29 06:45:28', '2018-05-29 06:45:28'),
(18, 9, 4, 'Enim culpa sapiente sed ut neque.', 'enim-culpa-sapiente-sed-ut-neque', 'Sed inventore minus amet totam et nesciunt. Excepturi laudantium sit omnis reiciendis aliquam tenetur. At incidunt autem sunt eaque recusandae.', 'Dolores et aspernatur qui ut numquam ut. Deleniti illum delectus sed. Rerum quod ullam sunt pariatur. Autem veniam neque quisquam vel neque unde autem. Minima harum architecto quas eum rerum sit sed. Qui in est non. Et fugit a molestiae cumque. Eum reiciendis voluptatum est quia doloremque placeat. In molestiae quia est dolorum repellat dicta facere. Cupiditate deserunt soluta est hic accusantium aliquid. Illum sapiente occaecati neque commodi mollitia cum autem.', 'DRAFT', 'https://lorempixel.com/1200/400/?16184', '2018-05-29 06:45:28', '2018-05-29 06:45:28'),
(19, 21, 16, 'Sit qui cum veritatis.', 'sit-qui-cum-veritatis', 'Pariatur eveniet nesciunt at impedit. Et distinctio dignissimos cum fugiat aliquid ut vel saepe. Iure vel debitis suscipit dolorem odit culpa.', 'Facilis quibusdam quos qui modi. Laborum quaerat harum omnis quidem quod aliquid omnis sint. Quo velit eos nihil dolore error nobis porro. Sed pariatur debitis voluptate doloribus nihil et. Repudiandae ipsum quis inventore fuga. Esse et quaerat vel illo aliquam est. Libero fugiat quis officiis natus. Rem animi occaecati adipisci sed omnis non.', 'PUBLISHED', 'https://lorempixel.com/1200/400/?53843', '2018-05-29 06:45:28', '2018-05-29 06:45:28'),
(20, 4, 14, 'Dignissimos sit praesentium illo dolore.', 'dignissimos-sit-praesentium-illo-dolore', 'Qui dolorem doloremque cum omnis harum dolore praesentium. Excepturi fugit repellat impedit et molestias reprehenderit. Deserunt dolor impedit quis quod iste amet maiores alias.', 'Ullam illum exercitationem natus dolorem reprehenderit quas deleniti praesentium. Officia ipsa illum deleniti est itaque et assumenda. Quas enim voluptatum occaecati est. Voluptatem neque sapiente deleniti minima quas vel. Odio aut cupiditate necessitatibus magnam sed qui. Dolor ut cumque perspiciatis ea reprehenderit ut et id. Sed dolorem adipisci exercitationem eos.', 'DRAFT', 'https://lorempixel.com/1200/400/?12220', '2018-05-29 06:45:28', '2018-05-29 06:45:28'),
(21, 20, 20, 'Magni odio doloribus placeat.', 'magni-odio-doloribus-placeat', 'Ut et enim impedit quas voluptate aliquid. Incidunt excepturi modi consequuntur a. Commodi est doloremque recusandae veniam libero.', 'Iure ad sed harum. Numquam sint dolore vitae. Dolorem nisi vel quo reprehenderit soluta. Quo eos tenetur ad tenetur odio. Enim officia amet asperiores distinctio. Vel eligendi dolor molestiae. In quasi accusamus ab dolorem saepe ut. Repudiandae quidem inventore tempora quaerat deserunt. Quae cupiditate sed omnis aspernatur.', 'PUBLISHED', 'https://lorempixel.com/1200/400/?16448', '2018-05-29 06:45:28', '2018-05-29 06:45:28'),
(22, 15, 20, 'Reprehenderit possimus totam et.', 'reprehenderit-possimus-totam-et', 'Quis vel dolor ullam reiciendis. Nostrum non iusto et ut est sunt aliquid at. Saepe ut asperiores deserunt ut nihil laboriosam ut autem. Ut cum unde ut dolore aperiam quam tempora.', 'Sit aliquam ipsam dolores minima. Quia voluptas quod fugiat quaerat. Sit praesentium officia rerum qui dolore. Beatae earum qui est nesciunt. Autem itaque dolore qui et facilis et deleniti. Unde quo quibusdam eaque sit autem odio. Rerum odit ut quam ut consequatur dignissimos iure. Consectetur rerum modi illo dicta qui rerum est exercitationem. Impedit molestias voluptas dolor ipsum molestiae. Et quae est autem inventore enim. Omnis molestiae omnis fugiat rerum dicta qui soluta.', 'DRAFT', 'https://lorempixel.com/1200/400/?78773', '2018-05-29 06:45:28', '2018-05-29 06:45:28'),
(23, 27, 5, 'Consequatur dolor a voluptatem.', 'consequatur-dolor-a-voluptatem', 'Quo mollitia dicta mollitia et sunt. Nisi voluptas ut deserunt qui sint. Repellat autem minima assumenda a. Praesentium quo eligendi voluptatem itaque ex sed.', 'Necessitatibus aut et placeat est et. Et qui libero aut vitae maiores est soluta. Provident nam quam est totam. Ullam sint similique quod. Saepe fuga corporis quis eaque. Asperiores quia veniam fugit qui quibusdam reprehenderit voluptatem. Animi rerum ipsum nam sit facilis sunt. Maxime rerum repudiandae nihil deserunt dolorem adipisci nihil. Minima nihil harum sint sit. Eum aut recusandae ipsum nemo rerum illum.', 'DRAFT', 'https://lorempixel.com/1200/400/?73782', '2018-05-29 06:45:28', '2018-05-29 06:45:28'),
(24, 19, 9, 'Deleniti est rem velit.', 'deleniti-est-rem-velit', 'Nesciunt est quia illo et similique sit. Fugiat ab soluta est hic vero quod autem dolorem. Quia a commodi autem non. Et nostrum ea reprehenderit voluptatibus tempore enim facilis.', 'Quam illo alias ut consequuntur est cumque ut. Sint qui consequatur suscipit. Non ducimus accusantium omnis distinctio quam neque quas. Alias nostrum omnis quo optio vero esse odio. Officia non similique molestias nihil neque voluptates aut. Et aliquid facilis unde consequuntur quibusdam atque deserunt. Dicta quidem qui fugit et fugit. Dignissimos enim omnis enim aut quis.', 'DRAFT', 'https://lorempixel.com/1200/400/?93363', '2018-05-29 06:45:29', '2018-05-29 06:45:29'),
(25, 30, 3, 'Totam ea et ipsum eius atque.', 'totam-ea-et-ipsum-eius-atque', 'Doloremque alias natus delectus eligendi. Veniam et unde saepe sit maxime quos voluptatem aut. Ut exercitationem earum ut eius. Qui sit voluptas voluptatem dolorum minima nulla mollitia quae.', 'Quia ducimus voluptate consequatur aut ab. Qui illum mollitia accusantium atque repellendus eos quisquam. Nostrum aut voluptate perferendis quasi est. Delectus est ipsa nemo perferendis quisquam. Dignissimos ea qui labore ad doloremque. Et deleniti expedita quas atque. Consequatur libero ex et doloremque harum quam assumenda. Est ut autem aut neque odio in deserunt blanditiis.', 'PUBLISHED', 'https://lorempixel.com/1200/400/?21444', '2018-05-29 06:45:29', '2018-05-29 06:45:29'),
(26, 17, 7, 'Earum incidunt debitis.', 'earum-incidunt-debitis', 'Nulla est quo delectus aliquid. Id ratione reiciendis odio error quaerat tenetur. Assumenda harum a enim eveniet.', 'Eum repellat non non exercitationem vel exercitationem ut molestiae. Molestias reprehenderit iste quod possimus blanditiis qui. Officiis molestiae accusamus ullam cumque omnis. Quibusdam et facere ipsa. Quisquam repellendus nam quam quis aperiam cupiditate. Error sequi non rem odio suscipit quia ipsum et. Consequatur aliquam qui dolor blanditiis eveniet ut. Sequi et facilis nostrum libero. Odio aut similique labore.', 'PUBLISHED', 'https://lorempixel.com/1200/400/?28652', '2018-05-29 06:45:29', '2018-05-29 06:45:29'),
(27, 6, 17, 'Mollitia doloribus ea aut.', 'mollitia-doloribus-ea-aut', 'Quia dolores quia ut occaecati vitae eos. At ut occaecati eligendi alias sint. Est doloremque deserunt est est fugit et dolore et.', 'Assumenda saepe et harum molestiae et error sint. Accusamus doloremque et debitis laudantium voluptas provident. Accusantium aut ut eos minus. Amet eaque quia consectetur ab. Maiores hic quasi nostrum minus maxime quaerat modi. Itaque nihil accusantium architecto voluptas deleniti quas velit necessitatibus. Cupiditate dolor voluptatem voluptates ad labore. Dolor voluptatibus consequatur unde vel. Illum autem cum ut id dicta soluta nihil.', 'DRAFT', 'https://lorempixel.com/1200/400/?48675', '2018-05-29 06:45:29', '2018-05-29 06:45:29'),
(28, 17, 19, 'In et dolorem eius.', 'in-et-dolorem-eius', 'Aspernatur illum id odit quisquam. Laudantium placeat molestias laborum nobis optio alias ratione. Porro cum nemo suscipit.', 'Enim maxime expedita atque consequatur ut. Aperiam quos porro necessitatibus. Inventore dolores vel dolorum dicta molestiae qui. Quo voluptatem eius qui quibusdam. Commodi saepe id vitae qui repellat. Ut est reiciendis est voluptatum delectus tempore harum. Voluptas quasi delectus itaque ut ut minus. Impedit et reprehenderit maxime pariatur consequuntur quod odit. Dolores nostrum voluptas repudiandae quaerat maiores. Qui commodi ipsa architecto quo molestiae quia culpa.', 'DRAFT', 'https://lorempixel.com/1200/400/?37890', '2018-05-29 06:45:29', '2018-05-29 06:45:29'),
(29, 9, 6, 'Iure dolorem voluptas perferendis laudantium.', 'iure-dolorem-voluptas-perferendis-laudantium', 'Doloribus quos ipsa nisi architecto perspiciatis veniam perspiciatis. Ut placeat ea veritatis ex et dolorem. Illum ullam error voluptatibus sit eos laborum.', 'Sed et enim maxime et nostrum quod omnis. Dolores nisi accusantium error quisquam doloremque et tempore. Eligendi quis suscipit voluptates nesciunt architecto aperiam. Ut autem dolores cumque ut dolores. Illum sunt temporibus rem temporibus. Asperiores animi inventore quis. In ipsa quisquam a et culpa. Impedit dolor quia porro molestiae quia. Quia ullam repellendus unde commodi dolorem possimus. Consequatur vel illum quos. Non qui nihil temporibus quas voluptatem eum.', 'DRAFT', 'https://lorempixel.com/1200/400/?57412', '2018-05-29 06:45:29', '2018-05-29 06:45:29'),
(30, 20, 17, 'Repudiandae at consequatur quibusdam.', 'repudiandae-at-consequatur-quibusdam', 'Sit ratione omnis nihil quam. Nisi voluptatem et facilis ducimus enim iusto et porro. Consectetur quasi maxime dolorem blanditiis voluptas et voluptatem.', 'Enim similique non est aut non inventore consequatur. Voluptas voluptatum libero rerum voluptas minima consequatur aut dolor. Dolore ratione nemo ut delectus eius dolor et mollitia. Eum vero deleniti esse perspiciatis. Nisi recusandae tempore dolorem ut suscipit. Nobis id assumenda commodi cumque facere ut corporis. Et dolores delectus quod velit at dolorem. Atque consequatur qui id odio architecto hic.', 'PUBLISHED', 'https://lorempixel.com/1200/400/?11810', '2018-05-29 06:45:29', '2018-05-29 06:45:29'),
(31, 9, 17, 'Odit consequatur fuga sit magni.', 'odit-consequatur-fuga-sit-magni', 'Similique est inventore quia est. Consequatur officia qui omnis repellat. Provident facere facilis eum rerum velit vel quidem. Ut dolorum in nihil. Consequatur quia vel dolores.', 'Nihil ea accusamus non dicta et libero. Rerum esse excepturi voluptatem libero. Molestias doloremque ducimus excepturi et asperiores repudiandae voluptates iusto. Numquam rerum nesciunt voluptas labore et quidem velit. Iusto rerum fugiat in ex ullam. Et ratione esse et et et est dolor. Sunt a occaecati autem earum omnis aut quisquam illo. Mollitia omnis vel fuga aut. Eum doloribus praesentium dolor debitis. Eius omnis aut laborum rerum ut.', 'PUBLISHED', 'https://lorempixel.com/1200/400/?30741', '2018-05-29 06:45:29', '2018-05-29 06:45:29'),
(32, 29, 5, 'Et quisquam itaque mollitia.', 'et-quisquam-itaque-mollitia', 'Molestias modi sint deserunt nostrum sed occaecati officia. Ut consequatur sed et qui deleniti et possimus. Iste itaque at voluptas.', 'Fugit cum sunt sequi molestias. Debitis distinctio et itaque quasi. Iusto iusto harum quia quas omnis in. Exercitationem magnam sed dolorem facilis. Repudiandae dolores ad nulla reiciendis necessitatibus. Velit sunt quidem explicabo laborum. Incidunt quo eligendi vitae unde fugiat aliquid omnis. Dignissimos quis porro totam ducimus. Placeat eius voluptatibus aut alias.', 'PUBLISHED', 'https://lorempixel.com/1200/400/?15605', '2018-05-29 06:45:29', '2018-05-29 06:45:29'),
(33, 5, 5, 'Totam facere nam officiis in qui.', 'totam-facere-nam-officiis-in-qui', 'Ut rerum dolore provident ut rerum laboriosam impedit voluptas. Voluptatem aliquam molestiae temporibus tenetur praesentium voluptas. Et aut ut qui. Similique illum rerum fugiat est.', 'Nostrum ea laboriosam rerum occaecati nam doloremque amet. Harum qui cumque eligendi et dolorem et. Modi tempora dolorem voluptatem quasi at est. Saepe quibusdam harum rerum quia aut. Voluptates similique eos in porro explicabo atque ut. Omnis voluptatem porro autem totam. Aut tempore enim laborum voluptas. Dicta incidunt aspernatur nihil qui expedita hic molestiae.', 'PUBLISHED', 'https://lorempixel.com/1200/400/?92298', '2018-05-29 06:45:29', '2018-05-29 06:45:29'),
(34, 12, 17, 'Voluptas optio eveniet.', 'voluptas-optio-eveniet', 'Ullam tenetur qui nostrum perferendis necessitatibus. Corrupti ex non sunt qui. Et facere labore error magni a. Molestias similique tempora nam sit aut. Illum nam eum illum fugiat et eos laboriosam.', 'Voluptatum nisi porro aspernatur officiis. Expedita provident quod et et quia nihil. Tempore delectus consequatur inventore aut vero ad iste consectetur. Quia esse repudiandae dolorum minima necessitatibus eum. Consectetur unde molestiae aut quia porro quis vero accusamus. Esse mollitia aut minus voluptatum aut. Magnam cum quidem expedita id nulla natus quae. Cum harum aut magni enim laborum accusamus laborum. Quibusdam reprehenderit et vel numquam.', 'PUBLISHED', 'https://lorempixel.com/1200/400/?44856', '2018-05-29 06:45:29', '2018-05-29 06:45:29'),
(35, 1, 11, 'Atque distinctio rerum.', 'atque-distinctio-rerum', 'Repudiandae impedit necessitatibus deserunt alias incidunt quos dolor consequatur. Corrupti maiores omnis voluptate sit. Qui vero doloremque facere.', 'Est rem ut ea qui repellat velit omnis. Nemo odit in ipsam laboriosam debitis ducimus. Repudiandae vero ut nulla. Id et tenetur velit quo consequatur et. Reiciendis autem quas at blanditiis magnam voluptas et. Aperiam eligendi aut illum voluptates illo consequatur eaque facere. Dolores dolores labore est. Aut in voluptatum qui perferendis. Est fugiat minus voluptatibus modi est. In velit consequuntur qui repudiandae eum ad. Qui nostrum hic unde perferendis excepturi.', 'PUBLISHED', 'https://lorempixel.com/1200/400/?36353', '2018-05-29 06:45:29', '2018-05-29 06:45:29'),
(36, 15, 14, 'Qui inventore est.', 'qui-inventore-est', 'Quo est distinctio magni qui laudantium voluptas. Ducimus et qui sit. Excepturi id perspiciatis laudantium sit error. Architecto deserunt saepe vitae recusandae. Ut suscipit illum alias dolorem.', 'Velit autem ad non eligendi fuga omnis. Et corporis est inventore dignissimos quod. Aut quos dolores omnis praesentium pariatur voluptatem. Omnis inventore vel odit perspiciatis eum molestias est. Iusto magnam praesentium vero rem esse nihil iste. Voluptas incidunt sit praesentium eos et molestiae quod. Et eum sed sequi. Est dolor esse totam placeat nobis suscipit autem. Dolor rerum numquam nemo vero.', 'PUBLISHED', 'https://lorempixel.com/1200/400/?31596', '2018-05-29 06:45:29', '2018-05-29 06:45:29'),
(37, 16, 20, 'Quo ipsam saepe.', 'quo-ipsam-saepe', 'Sapiente sint cupiditate eaque rem qui quia dicta. Explicabo tenetur earum nihil illo dolorem architecto pariatur. Corrupti inventore voluptates consequatur repudiandae error.', 'Nihil repellat fuga incidunt voluptates. Qui autem eveniet et reiciendis fuga itaque eveniet. Pariatur pariatur ut et aliquam sapiente voluptatem quae. Itaque nihil a facere qui qui tempore dolores. Et aut omnis est. Necessitatibus et ut blanditiis. Autem rem et aut quas autem. Et voluptas id aut officiis in voluptatem et. Quos debitis necessitatibus nostrum neque. Velit sed odio non est ad fugit vel. Et debitis dolorem illum. Non aut non deserunt.', 'PUBLISHED', 'https://lorempixel.com/1200/400/?53820', '2018-05-29 06:45:29', '2018-05-29 06:45:29'),
(38, 20, 8, 'Quasi enim accusantium ut et vel.', 'quasi-enim-accusantium-ut-et-vel', 'Alias omnis repellendus sint eaque. Aut quasi ab ullam laudantium et. Est doloribus iure ut modi. Error consequuntur nesciunt magni.', 'Deleniti labore quisquam molestiae voluptas. Voluptatem ut eius sit veniam sunt. Soluta aliquam assumenda minima in. Labore nemo voluptatibus reprehenderit. Aut veritatis quia magnam commodi. Assumenda ipsa magnam quia maiores culpa aut. Fugit voluptatem vero sit iusto consequatur atque. Animi exercitationem in ad dolor. Corrupti et eum nihil corrupti quasi aliquam. Voluptatum nesciunt consequatur aliquam culpa nihil facere quae.', 'DRAFT', 'https://lorempixel.com/1200/400/?27014', '2018-05-29 06:45:29', '2018-05-29 06:45:29'),
(39, 6, 6, 'Est sint dolorum et dicta.', 'est-sint-dolorum-et-dicta', 'Laudantium quibusdam expedita repellendus qui et quas. Vero est alias quas est quam vel. Quia voluptatibus temporibus officiis eius in est. Quo officia laboriosam quos ullam aliquam expedita.', 'Recusandae nihil cupiditate minima. Incidunt consequatur ex non laborum eum. Temporibus aut inventore accusamus autem. Ipsum ullam dolore commodi optio consequatur. Qui consectetur rerum alias tempora eos. Magnam sapiente qui nihil est quod adipisci. Qui voluptatem et perspiciatis veritatis voluptatem repellat voluptatibus. Dignissimos ullam animi sed animi ipsum quos non.', 'DRAFT', 'https://lorempixel.com/1200/400/?71589', '2018-05-29 06:45:29', '2018-05-29 06:45:29'),
(40, 25, 4, 'Quis aut earum ullam enim.', 'quis-aut-earum-ullam-enim', 'Harum explicabo qui quasi in. Reprehenderit et quos provident at. Quas dolores itaque asperiores accusamus excepturi illo.', 'Est molestiae omnis repudiandae rem ab. Perferendis esse labore natus corrupti non. Harum quo ut vero eaque hic aliquam labore ex. Porro dignissimos et officiis a. Recusandae consequuntur aut neque deleniti exercitationem facere nemo. Ea eius dolor voluptas enim et aut quas. Quam veniam aliquam doloremque voluptatem quo aut. Enim ducimus expedita laborum ea at voluptas rem. Quia eveniet et aut cum rerum.', 'PUBLISHED', 'https://lorempixel.com/1200/400/?87895', '2018-05-29 06:45:29', '2018-05-29 06:45:29'),
(41, 12, 8, 'Error similique a perferendis.', 'error-similique-a-perferendis', 'Numquam facilis perspiciatis sit sit quod accusamus enim et. Sapiente quisquam natus aut voluptas molestias inventore necessitatibus. Dolorem totam in est labore suscipit nobis officiis inventore.', 'Ullam dolores veniam animi quia id omnis aut. Omnis et error est dolorem soluta aut eos. Dolor quod ut cum suscipit maxime. Ut impedit odio quis temporibus quod. Quas iure id at quia error. Cum iste quos nam id. Repellendus eos neque quod consequatur quo iure. Voluptatum architecto est alias. Totam eum perferendis voluptas ut alias voluptatibus.', 'PUBLISHED', 'https://lorempixel.com/1200/400/?32205', '2018-05-29 06:45:29', '2018-05-29 06:45:29'),
(42, 15, 12, 'Minima nobis est asperiores veniam in.', 'minima-nobis-est-asperiores-veniam-in', 'Aut molestiae omnis ipsum adipisci reprehenderit qui est. Eos quidem qui quod. Non est qui quia enim harum nihil quaerat.', 'Odit sint quia et et minus. Quis vel vel doloremque exercitationem reiciendis quam. Quidem sint autem facilis quia quas ullam. Omnis est hic facere quam dolores. Laboriosam laboriosam consequuntur non dignissimos molestias ut amet. Excepturi dolorum a voluptatem tenetur. Atque doloremque voluptas vel velit. Eum ipsum tenetur optio id. Repellat adipisci perspiciatis reiciendis libero ut mollitia aliquam dicta.', 'PUBLISHED', 'https://lorempixel.com/1200/400/?83465', '2018-05-29 06:45:29', '2018-05-29 06:45:29'),
(43, 7, 1, 'Nemo debitis ea animi cum esse.', 'nemo-debitis-ea-animi-cum-esse', 'Iusto dolores aut veniam ea est fuga magni. Voluptates aut vitae perferendis itaque officiis et labore. Pariatur nihil omnis magni fugit. Molestiae aspernatur voluptate et quia ut ipsum.', 'Ratione fugiat qui sint quam nihil. Ut sunt ut et velit dicta dolores. Tempore voluptas corrupti mollitia eos. Nemo temporibus magni quaerat qui molestiae. Doloribus laudantium voluptas et sunt voluptatem non nostrum. Corrupti dolores expedita culpa esse est et. Esse ea in officia voluptatum eos id. Sapiente libero iusto sed temporibus. Qui quidem ut qui. Blanditiis pariatur cumque nam sequi enim consequatur temporibus. Explicabo maiores optio eum.', 'PUBLISHED', 'https://lorempixel.com/1200/400/?73492', '2018-05-29 06:45:29', '2018-05-29 06:45:29'),
(44, 16, 10, 'Voluptate placeat perspiciatis aspernatur tempore.', 'voluptate-placeat-perspiciatis-aspernatur-tempore', 'Temporibus id optio accusantium consequatur minus illum enim. Omnis vel est voluptatem odit exercitationem.', 'In voluptatibus quo qui et quis sed omnis. Ad fugit laboriosam fugit vel exercitationem voluptas. Ut sed commodi sunt eum. Molestias fuga quaerat minus delectus ut libero modi rerum. Est aut dolore suscipit. Et dignissimos rerum exercitationem nam velit ipsam. Consequuntur optio eos nihil suscipit. Error reiciendis sit ex rerum magni nisi expedita. Eum autem sint autem et. Fugiat est recusandae blanditiis sunt. Accusantium rerum incidunt qui asperiores earum.', 'DRAFT', 'https://lorempixel.com/1200/400/?97642', '2018-05-29 06:45:29', '2018-05-29 06:45:29'),
(45, 10, 4, 'Nam sapiente numquam.', 'nam-sapiente-numquam', 'Facere ut dolor et. Numquam modi nemo rerum laboriosam odit. Quo optio ipsa enim accusantium qui vel voluptas ut. Eum fuga qui aut ut ducimus magnam.', 'Explicabo quo ut occaecati quisquam aut. Dignissimos autem veritatis animi accusantium voluptatem et officiis. Necessitatibus repellat iure quia sint tempore. Aperiam facilis numquam sapiente rerum ut autem quibusdam provident. Aut omnis quia ut temporibus qui ducimus. Qui sequi est sit dicta qui. Molestiae doloremque eius numquam voluptatem quasi voluptatem soluta facere.', 'DRAFT', 'https://lorempixel.com/1200/400/?98212', '2018-05-29 06:45:29', '2018-05-29 06:45:29'),
(46, 10, 13, 'Sapiente nemo a est aut.', 'sapiente-nemo-a-est-aut', 'Molestiae dolorem quas ut debitis consectetur. Adipisci est ullam voluptatem qui. Quo eos repudiandae quis vel ut quibusdam. Ex est consequatur quos commodi.', 'Reprehenderit eos labore ea. Doloremque at est veritatis nisi. Delectus eveniet a sunt natus minima asperiores. Consequatur quisquam dolores necessitatibus et voluptate ad. Nesciunt iusto mollitia occaecati est. Cupiditate temporibus voluptatem assumenda et. Qui vitae tempora voluptatem similique blanditiis a et. Repellendus quis vel voluptatem voluptatibus. Qui excepturi fugiat magni non. Quam harum perferendis quod dolorem iste officia. Impedit est magnam ducimus eligendi.', 'DRAFT', 'https://lorempixel.com/1200/400/?52644', '2018-05-29 06:45:29', '2018-05-29 06:45:29'),
(47, 30, 6, 'Nulla quis quia non earum ex.', 'nulla-quis-quia-non-earum-ex', 'Facilis numquam qui quis dolor at. Eveniet illo et doloribus laudantium assumenda illo pariatur. Eveniet voluptatibus et facere odio et cupiditate. Qui voluptas quam nihil voluptatem minus dolor.', 'Iure deleniti impedit commodi. Quaerat commodi voluptas neque. Dignissimos officiis alias facere totam voluptas sapiente possimus. Illo voluptate voluptate earum qui nulla voluptatibus. Ut reprehenderit vero sit vero officiis non velit. Qui quam unde quo illo rerum facere. Asperiores omnis culpa omnis omnis est. In et vel et omnis rerum magnam. Ut dolores sed id minima consequatur consequuntur. Aut suscipit ea eum atque provident tenetur.', 'PUBLISHED', 'https://lorempixel.com/1200/400/?30737', '2018-05-29 06:45:29', '2018-05-29 06:45:29'),
(48, 25, 3, 'Qui voluptas libero laboriosam.', 'qui-voluptas-libero-laboriosam', 'Eos ex quaerat qui explicabo dolorum voluptatem. Fugiat aut et omnis unde omnis cum. Eum molestias eius eum dolorem. Sed ut ipsam nihil. Sed quasi temporibus ullam.', 'Ut quisquam voluptatibus tempora quae iste laudantium officiis. Facilis voluptas est error magni illo. Eos rerum dolor consectetur. Eligendi voluptatem eum vel quod enim officia. Alias est est consequatur cupiditate qui expedita aut. Esse aspernatur dolorum quia. Est voluptatem quo in dolores suscipit iure harum. Exercitationem aliquam accusamus molestias quis vel et ad.', 'PUBLISHED', 'https://lorempixel.com/1200/400/?34016', '2018-05-29 06:45:29', '2018-05-29 06:45:29'),
(49, 15, 5, 'Sed atque dignissimos ut.', 'sed-atque-dignissimos-ut', 'Perferendis quos qui rerum vitae quaerat exercitationem. Natus voluptatem assumenda repellat libero. Qui dolorem cupiditate ea cumque officia alias.', 'Fugit temporibus sed eius aut velit quidem aut. Et quas et in quam ipsam qui. Quo quos vero quis cupiditate. Et vero voluptatem alias eligendi et. Laboriosam dolore necessitatibus tenetur dolores doloribus tempora eaque. Delectus consequatur voluptates iusto ab voluptas molestiae. Qui nobis et tempore.', 'DRAFT', 'https://lorempixel.com/1200/400/?36549', '2018-05-29 06:45:29', '2018-05-29 06:45:29'),
(50, 30, 11, 'Fugit porro quia fugiat dolore in.', 'fugit-porro-quia-fugiat-dolore-in', 'Omnis impedit dolore sit tempora perspiciatis recusandae perspiciatis eum. Reprehenderit quia error corporis error placeat id qui. Temporibus iusto amet odio corrupti quos in.', 'Quis velit rerum suscipit beatae corrupti voluptatibus ab. Quia qui non modi natus recusandae dolor. Quis aliquid quidem quisquam error est nesciunt. Est esse repudiandae illum ea. Est culpa adipisci cumque veniam. Est dignissimos iste odio velit qui odit repellendus quisquam. Ut dolores nobis dolor quis necessitatibus quod et voluptatum. Quo est consequuntur consequatur iusto quasi rerum. Omnis eos quos animi amet. Dolores dolores dicta consequatur corporis rerum odit placeat sequi.', 'PUBLISHED', 'https://lorempixel.com/1200/400/?45041', '2018-05-29 06:45:30', '2018-05-29 06:45:30'),
(51, 22, 10, 'Aspernatur minima possimus earum atque.', 'aspernatur-minima-possimus-earum-atque', 'Quia totam sit nesciunt nobis tempore. Perferendis earum alias fugiat aut soluta voluptatem. Fuga quibusdam quidem quae et. Dolores officiis id voluptatem adipisci excepturi ipsa.', 'Nostrum quaerat sunt ratione modi perspiciatis. Temporibus aut quasi aut magni exercitationem qui aut quis. Velit molestias quidem possimus porro aut. Nesciunt aut voluptatem pariatur labore. Aut ut odio voluptatem dolore ratione odit eos. Inventore sed nobis quas consectetur. Quidem at quia ut architecto hic. Distinctio tempora et laudantium omnis animi laudantium ut. Delectus aut voluptatem repudiandae perferendis ea.', 'PUBLISHED', 'https://lorempixel.com/1200/400/?69406', '2018-05-29 06:45:30', '2018-05-29 06:45:30'),
(52, 7, 5, 'Est suscipit in doloremque id quam.', 'est-suscipit-in-doloremque-id-quam', 'Voluptatem assumenda sint ab nihil recusandae quam pariatur dolore. Nisi inventore modi nisi assumenda odio. Velit sunt non sint laborum mollitia modi sed. Placeat ad sit et autem velit libero.', 'Voluptate quidem veritatis amet aut unde aut voluptatem. Omnis eaque autem ratione porro quia id nisi. Quia ab sit officia totam qui. Quis qui voluptas id sint numquam et nihil. Exercitationem quos mollitia veritatis officiis voluptatem vel vitae. Provident ipsam expedita veniam blanditiis est et aut id. Ut aperiam autem hic quod a doloribus tempora. Omnis explicabo culpa omnis tempora maiores id aut vero. Quam sint omnis officia consectetur quos. Magni velit dolores et necessitatibus qui.', 'PUBLISHED', 'https://lorempixel.com/1200/400/?47146', '2018-05-29 06:45:30', '2018-05-29 06:45:30'),
(53, 13, 18, 'Itaque voluptatum error totam quam.', 'itaque-voluptatum-error-totam-quam', 'Rerum et quia incidunt animi. Iusto sint sed iusto consequuntur qui. Nobis voluptas non numquam.', 'Amet sunt explicabo illo tenetur optio corporis vero. Magni hic tenetur ut dolores iste. Distinctio aut molestiae adipisci maiores ratione. Est qui porro ad exercitationem blanditiis iste. Est voluptas itaque alias quis non. Rerum incidunt earum molestias repellendus. Odio ut sapiente sit voluptas. Facere magnam est et dolorem. Non et rem accusantium quam explicabo rerum dignissimos.', 'PUBLISHED', 'https://lorempixel.com/1200/400/?48765', '2018-05-29 06:45:30', '2018-05-29 06:45:30'),
(54, 19, 13, 'Qui optio sunt numquam qui ullam.', 'qui-optio-sunt-numquam-qui-ullam', 'Doloribus nesciunt sit autem sint nostrum. Sed non aliquam atque aut. Temporibus consectetur omnis expedita harum. Voluptates doloribus tenetur molestias consequatur quia dolore.', 'Aut nobis cupiditate rerum expedita aut. Molestiae accusamus nostrum ad earum. Temporibus inventore aut molestiae ad voluptate. Nisi deleniti quis ex beatae odio. Non aliquid veniam vero doloribus est debitis. Quo totam modi blanditiis ab nobis ut consectetur inventore. Voluptate iure eveniet velit et voluptatem voluptatem harum. Blanditiis sint ea nobis est officiis inventore. Voluptates dicta ullam consequatur odio quia libero reiciendis. Nostrum rerum provident illo reprehenderit.', 'DRAFT', 'https://lorempixel.com/1200/400/?70089', '2018-05-29 06:45:30', '2018-05-29 06:45:30'),
(55, 4, 9, 'Fuga quis sit et necessitatibus culpa.', 'fuga-quis-sit-et-necessitatibus-culpa', 'Perferendis quo reprehenderit assumenda ipsum dolore amet voluptatibus. Ut laboriosam et neque eius. Eum harum nisi eos dignissimos.', 'Temporibus quam fuga et consequatur aut ut. Maxime libero inventore et dolore atque architecto quis. Ad et sit non sapiente et. Aut consectetur non placeat odio. Id qui consequuntur nam earum mollitia et nemo. Aut quas ducimus quos expedita. Et iure voluptas explicabo commodi quae excepturi. Qui aut dolorum et maxime aliquid. Animi minima eos error sequi culpa nostrum. Est non dolor est veniam. Ad quam qui excepturi debitis non dolorum voluptas.', 'DRAFT', 'https://lorempixel.com/1200/400/?23956', '2018-05-29 06:45:30', '2018-05-29 06:45:30'),
(56, 24, 10, 'Qui officia sapiente molestiae perspiciatis.', 'qui-officia-sapiente-molestiae-perspiciatis', 'Qui architecto necessitatibus quia facilis repudiandae voluptates at. Mollitia repellat fuga qui eum aliquam et.', 'Autem temporibus voluptatum adipisci. Blanditiis officia aut earum ut quia et. Impedit veritatis sint voluptatum tenetur ipsam corporis ut. Enim quae mollitia quia tempora adipisci quos delectus. Voluptatem commodi rerum dolores veritatis odit rerum. Id vel voluptas omnis. Nulla esse numquam voluptatum dolorum non molestiae magnam. Unde odio eum rerum nihil voluptas omnis libero.', 'DRAFT', 'https://lorempixel.com/1200/400/?32846', '2018-05-29 06:45:30', '2018-05-29 06:45:30'),
(57, 25, 6, 'Voluptas corrupti voluptatem rerum et.', 'voluptas-corrupti-voluptatem-rerum-et', 'Blanditiis placeat officia et aut molestias non doloremque. Sit impedit quia minima blanditiis voluptatem.', 'Quasi fuga dolorum ea harum repellendus. Unde optio distinctio tempora praesentium aspernatur. Sit deleniti nostrum molestiae dolores. Id tenetur qui sit molestias. Sit consectetur consequatur iusto repudiandae et. Dolorem tempore qui laborum. Voluptatum dolor occaecati nihil assumenda repudiandae et a ab. Quis quisquam voluptas et nam dolorem. Voluptas eos suscipit exercitationem atque. Non et ex eius sint.', 'PUBLISHED', 'https://lorempixel.com/1200/400/?43054', '2018-05-29 06:45:30', '2018-05-29 06:45:30'),
(58, 2, 1, 'Veniam nobis cum nisi.', 'veniam-nobis-cum-nisi', 'Nam minus quia non quo voluptatum asperiores ratione in. Earum repellendus reprehenderit exercitationem ad. Omnis veniam ut architecto animi nesciunt velit natus.', 'Nemo sint a et odio. Labore consequatur accusamus excepturi ut sint ullam. Vel qui et totam quia id quam ullam. Dignissimos consequatur dolorum autem voluptatibus molestiae esse sed. Accusantium aut id soluta molestiae repellendus. Vero sit rerum iure tempora ullam recusandae. Rerum quia voluptatum recusandae voluptatem. Ad occaecati nesciunt facilis non. Deserunt qui quia amet aut praesentium laudantium non. Quaerat sed nemo aliquid sit tempora.', 'PUBLISHED', 'https://lorempixel.com/1200/400/?33925', '2018-05-29 06:45:30', '2018-05-29 06:45:30'),
(59, 11, 12, 'Libero omnis neque dolor magni.', 'libero-omnis-neque-dolor-magni', 'Et magni doloremque minima quia. Sit sunt aperiam voluptatem et sit vitae. Consequatur sit velit nostrum aut natus harum temporibus.', 'Et totam aspernatur deleniti amet officia et cum. Autem eligendi suscipit enim ad voluptas doloribus blanditiis. Neque sunt nam qui maxime ab dolorem. Recusandae eius voluptatum molestiae qui ut est sequi. Et distinctio cupiditate eum minima nihil reprehenderit. Enim consequatur facilis accusamus et animi sequi commodi. Et tenetur ea nisi voluptatibus repellat dolorem.', 'DRAFT', 'https://lorempixel.com/1200/400/?78274', '2018-05-29 06:45:30', '2018-05-29 06:45:30'),
(60, 16, 14, 'Qui maxime in sunt incidunt fugit.', 'qui-maxime-in-sunt-incidunt-fugit', 'Non qui reiciendis eaque est dolor consequatur ut. Laboriosam vero harum voluptatem molestiae nemo ipsa neque. Sed quia aut quisquam culpa eius.', 'Voluptatem cupiditate nam quisquam sit voluptatem quis animi. Voluptate molestiae fuga et quasi cupiditate. Minima dolorem officiis est iusto repellendus. Dolor odio architecto inventore. Inventore qui non est. Aut consectetur nulla veritatis ratione repellat voluptatibus cumque illum. Ab doloremque ab aut.', 'DRAFT', 'https://lorempixel.com/1200/400/?35953', '2018-05-29 06:45:30', '2018-05-29 06:45:30'),
(61, 22, 17, 'Iure qui quibusdam sit.', 'iure-qui-quibusdam-sit', 'Ea dignissimos nisi magnam earum non fuga. Qui dolor officia repellendus ratione omnis. Rem eligendi et enim ratione qui.', 'Quia a velit itaque aut consequuntur voluptatem. Ratione magnam iusto nam iste rerum id delectus. Non labore velit totam consectetur ducimus. Recusandae vel non debitis autem labore. Natus fuga est non quisquam. Optio velit explicabo consequuntur doloribus facilis cum. In dolor accusantium quam ipsam illo. Consequatur animi nisi optio aut. Harum et ut amet quo. Enim aut magni provident voluptates velit excepturi.', 'PUBLISHED', 'https://lorempixel.com/1200/400/?50755', '2018-05-29 06:45:30', '2018-05-29 06:45:30'),
(62, 8, 15, 'Non odit quidem ut.', 'non-odit-quidem-ut', 'Incidunt fugit neque at odio saepe porro. Nisi voluptatem rem molestiae assumenda eveniet voluptatum doloribus. Repellat velit beatae magnam optio non quae. Repellat maiores vero suscipit.', 'Deserunt totam veniam sapiente asperiores. Aspernatur qui reiciendis sint officiis nihil. Voluptatem et reiciendis autem et tenetur voluptatem aliquam alias. Dolorem magni ipsa autem quis labore perspiciatis. Ut eveniet fugit praesentium iure id asperiores. Qui ratione incidunt culpa non dolore est eius illum. Perferendis et sed non cupiditate at voluptatem velit.', 'PUBLISHED', 'https://lorempixel.com/1200/400/?12219', '2018-05-29 06:45:30', '2018-05-29 06:45:30'),
(63, 3, 2, 'Et non excepturi sit.', 'et-non-excepturi-sit', 'Modi natus labore ullam repellendus. Rerum deleniti reiciendis quas impedit ut veritatis. Sequi necessitatibus similique voluptatibus minus at delectus. Nam aliquam velit ex aut sequi.', 'Veniam vel ipsa ex facere quis. Ipsam sint facere incidunt maxime consectetur aperiam praesentium. Laudantium molestiae autem pariatur in. Dolorem omnis voluptatem voluptates corrupti quia nemo sapiente delectus. Tempore rem odit doloribus delectus dolores. Impedit et voluptatibus neque consequatur quidem sed. Minima velit dolorum sit suscipit qui non esse harum. Ut maxime placeat non amet perferendis tempore magnam.', 'PUBLISHED', 'https://lorempixel.com/1200/400/?31118', '2018-05-29 06:45:30', '2018-05-29 06:45:30'),
(64, 26, 12, 'Sint voluptates amet id.', 'sint-voluptates-amet-id', 'Sint doloremque animi placeat dolor corrupti. Laudantium voluptatem sed qui blanditiis quia officia deserunt. Ipsum eos et vel alias aperiam.', 'Natus quasi et sed quaerat quia et reiciendis sit. Dignissimos voluptatem qui et itaque. Enim quo ea illum. Asperiores quia occaecati aperiam fuga. Totam quidem sed non iste esse. Optio eos dolorum odit aut ipsum quaerat delectus in. Quam eos id veniam autem quaerat sed rerum quidem. Earum ipsa esse aspernatur et quia hic dolor sint. Odit eveniet consequatur hic omnis asperiores beatae. Voluptate impedit aut hic eos consequatur laboriosam voluptates.', 'PUBLISHED', 'https://lorempixel.com/1200/400/?97516', '2018-05-29 06:45:30', '2018-05-29 06:45:30'),
(65, 10, 17, 'Voluptas saepe numquam ea quos.', 'voluptas-saepe-numquam-ea-quos', 'Cupiditate et facere saepe. Adipisci impedit et natus voluptatem architecto aut sit. Impedit culpa laborum veritatis.', 'Occaecati ex earum ratione magni magni. Eaque vero accusamus labore sed numquam labore temporibus officiis. Esse aspernatur veniam consequatur doloremque vel totam occaecati. Ullam iste dolores blanditiis id. Reprehenderit iusto velit similique. Ex amet incidunt quibusdam dolor iure ratione qui. Deleniti consequatur magni doloribus aperiam.', 'DRAFT', 'https://lorempixel.com/1200/400/?95074', '2018-05-29 06:45:30', '2018-05-29 06:45:30'),
(66, 4, 1, 'Voluptates consequatur est et.', 'voluptates-consequatur-est-et', 'Exercitationem consequatur ut libero. Autem aperiam nisi voluptate reiciendis. Quis aut sint voluptatem et placeat et.', 'Quod dolorum ex est vitae et ipsum. Esse possimus provident magni sit sunt assumenda vel. Quia et quo at et officia deleniti repellendus atque. Vel non quia impedit vel. Distinctio et sit aut amet. Corrupti itaque suscipit itaque numquam nihil voluptate. Explicabo velit fugit culpa maxime quam aut. Nulla atque ipsum et aut et molestiae eius nulla. Vero consequatur deserunt sint harum. Autem qui aut similique sed. Molestias architecto reiciendis itaque et voluptas.', 'DRAFT', 'https://lorempixel.com/1200/400/?38166', '2018-05-29 06:45:30', '2018-05-29 06:45:30');
INSERT INTO `posts` (`id`, `user_id`, `category_id`, `name`, `slug`, `excerpt`, `body`, `status`, `file`, `created_at`, `updated_at`) VALUES
(67, 9, 7, 'Est molestiae deleniti ipsa necessitatibus eligendi.', 'est-molestiae-deleniti-ipsa-necessitatibus-eligendi', 'Et magni non voluptatem dicta. Est nobis ex eveniet facere. Ut sed ipsa est voluptatum. Quisquam quos nisi expedita facilis consequuntur aspernatur consequatur et.', 'Tempora dolorem rerum eos ex commodi. Sunt officia a quos magni illum iste sit. Consequatur quis et rerum nihil asperiores eligendi recusandae. Perspiciatis pariatur eius quis quasi. Porro molestiae accusamus tempore reprehenderit nemo enim. Ex voluptatibus fugiat dolor dolores voluptatem occaecati nemo. Esse aut praesentium perferendis asperiores in quibusdam et.', 'PUBLISHED', 'https://lorempixel.com/1200/400/?96619', '2018-05-29 06:45:30', '2018-05-29 06:45:30'),
(68, 9, 15, 'Nobis ipsa enim incidunt sed earum.', 'nobis-ipsa-enim-incidunt-sed-earum', 'Quibusdam aut earum alias ut. Est beatae officiis sunt atque quod et.', 'Animi unde quia ea. Eius illum repellat dolorum non nulla quibusdam magnam. Qui vitae distinctio et rerum qui esse consequatur. Ex natus perspiciatis sint. Numquam enim et est aut labore consequatur adipisci. Aliquam suscipit minus sunt et eaque et ut. Animi quam voluptas qui vel laboriosam. Est minima quo consequatur amet molestiae quis asperiores.', 'DRAFT', 'https://lorempixel.com/1200/400/?63474', '2018-05-29 06:45:30', '2018-05-29 06:45:30'),
(69, 6, 18, 'Ut sequi voluptatum voluptatibus.', 'ut-sequi-voluptatum-voluptatibus', 'Molestiae aliquam numquam molestias ut molestias non. Fuga officiis excepturi voluptates sit. Nam cupiditate dolorem quibusdam.', 'Consequuntur ipsa repellat totam deleniti. Expedita quia sit id similique facilis. Nisi officiis quos reprehenderit dolore eius dignissimos voluptatibus. Veritatis quasi totam nobis nulla. Officia sapiente sit pariatur enim. Nobis exercitationem sint rerum sint laudantium. Ut fugit nesciunt reprehenderit qui repudiandae sapiente. Dolorum voluptatem quia dolorem voluptas.', 'PUBLISHED', 'https://lorempixel.com/1200/400/?71581', '2018-05-29 06:45:30', '2018-05-29 06:45:30'),
(70, 11, 6, 'Autem debitis nihil eveniet quae.', 'autem-debitis-nihil-eveniet-quae', 'Eaque assumenda ipsa dolore cum deserunt rerum. Velit eos accusantium autem ex eum blanditiis. Mollitia excepturi nemo qui quidem. Quae repellendus ab officia quia.', 'Reiciendis velit magni consequatur qui. Eos tempore dignissimos sed veniam molestiae iure numquam. Dolorem vero officia voluptas nulla quam. Quia quod perferendis repellat et tempora voluptatem eum et. Quia sunt eos qui delectus voluptatem. Vel inventore expedita similique in et suscipit. Odit et et sequi dolorem voluptatum. Deserunt ea et ad architecto ea earum voluptatem. Harum doloremque voluptas quidem amet quia qui. Et delectus facilis asperiores itaque aliquid quas.', 'PUBLISHED', 'https://lorempixel.com/1200/400/?94395', '2018-05-29 06:45:30', '2018-05-29 06:45:30'),
(71, 11, 3, 'Vel ut veritatis.', 'vel-ut-veritatis', 'Non commodi qui ut illum accusamus. Et eos totam minima officia aliquid voluptatem. Nisi aliquam ea illum sapiente consequatur.', 'Velit excepturi vel ut dolor eum corporis. Occaecati voluptatem qui et pariatur enim impedit. Ea reiciendis et quo quaerat. Officia veritatis voluptas laudantium id magnam quia praesentium. At aliquam velit non aut error laborum ipsa. Perspiciatis quis deserunt cum eum est est. Dolorum sint aliquid omnis harum dolorem exercitationem. Possimus quis voluptatem blanditiis reiciendis necessitatibus delectus corporis.', 'DRAFT', 'https://lorempixel.com/1200/400/?54543', '2018-05-29 06:45:30', '2018-05-29 06:45:30'),
(72, 24, 3, 'Tenetur totam nemo.', 'tenetur-totam-nemo', 'Soluta reiciendis officia aut quo magni. Aliquid eum et quo dolor et et ipsam. Facilis voluptate quis fugit ut maxime tenetur. Facilis atque nobis quis ad eligendi illum explicabo.', 'Sequi molestiae facere et aspernatur. Ut pariatur quia animi mollitia. Enim similique et facilis voluptatem impedit deserunt. Et veniam ipsam harum illo sunt sunt. Qui impedit reiciendis in voluptas illum ullam labore illum. Doloribus qui porro voluptatem maxime aut facilis. Et nisi odit consequatur ut. Repellendus qui tenetur et ut. Magni labore totam adipisci qui tempora possimus non aut. Est harum repellendus cumque id sit quaerat.', 'PUBLISHED', 'https://lorempixel.com/1200/400/?23103', '2018-05-29 06:45:30', '2018-05-29 06:45:30'),
(73, 13, 17, 'Ut dolor ut repudiandae aut occaecati.', 'ut-dolor-ut-repudiandae-aut-occaecati', 'Necessitatibus voluptate quaerat sit qui ipsa debitis. Quam iusto quod ut consequatur magnam. Animi quos et et qui unde.', 'Veritatis ipsum unde illo tempora. Quisquam explicabo sunt et exercitationem incidunt. Impedit quibusdam fugit quidem iste modi. Optio aut ipsum neque harum. Consequatur esse illum blanditiis et veritatis nihil. Voluptatem iusto nisi sit voluptate iure. Necessitatibus porro sit eveniet eveniet corporis id.', 'PUBLISHED', 'https://lorempixel.com/1200/400/?98057', '2018-05-29 06:45:30', '2018-05-29 06:45:30'),
(74, 6, 16, 'Eos et repellendus impedit adipisci.', 'eos-et-repellendus-impedit-adipisci', 'Omnis sunt qui mollitia neque sed eum. Rerum illum velit quia ut voluptatem rerum ipsa. A tenetur nemo sit saepe id ut.', 'Neque corporis cum reiciendis eveniet itaque sunt laboriosam. Facilis maxime iste sit. In sunt exercitationem aut facilis rerum dolores perspiciatis. Quas enim ut eum quod iste. Ipsam aut ea doloremque illum fugiat. Impedit quaerat sit labore est nihil. Nobis velit est dicta reiciendis amet. Non amet qui hic consequatur. Esse aliquam eum eveniet. Qui dolorem earum eius aut id quas. Sit exercitationem architecto rerum in. Qui dignissimos esse libero animi sunt velit consequatur.', 'PUBLISHED', 'https://lorempixel.com/1200/400/?17202', '2018-05-29 06:45:30', '2018-05-29 06:45:30'),
(75, 13, 14, 'Eveniet modi qui qui.', 'eveniet-modi-qui-qui', 'Praesentium reiciendis possimus accusantium modi voluptas adipisci. Impedit molestiae facilis aspernatur qui. Rerum commodi non reiciendis commodi.', 'Temporibus omnis iste nobis nostrum. Sint non dolorem nihil perferendis sit possimus. Nemo qui quia quam ut. Quidem enim necessitatibus aliquid. Rerum id sint eos quidem quo in nostrum. Non molestiae atque eos sunt quae illum aut. Odio dolore distinctio error velit voluptatum ea est. Consectetur et sapiente voluptatum qui. Suscipit corrupti mollitia placeat tenetur porro temporibus.', 'PUBLISHED', 'https://lorempixel.com/1200/400/?51358', '2018-05-29 06:45:30', '2018-05-29 06:45:30'),
(76, 13, 3, 'Iusto alias in occaecati labore.', 'iusto-alias-in-occaecati-labore', 'Laudantium fugit harum magnam et officia. Neque impedit ipsa maiores nemo fuga sint et. Occaecati ea quo perferendis vero enim. Aut aliquid rerum qui fugiat.', 'Error similique asperiores voluptatibus at harum iste. Hic nobis rerum et consequuntur voluptas. Autem suscipit nihil ea eaque molestiae aliquam qui nesciunt. Tenetur molestiae laudantium dolore saepe culpa. Quidem rerum odit eligendi. Aut tenetur et sit mollitia est. Aut itaque sapiente ea nulla voluptate. Totam accusamus molestias blanditiis repellendus.', 'DRAFT', 'https://lorempixel.com/1200/400/?62663', '2018-05-29 06:45:30', '2018-05-29 06:45:30'),
(77, 16, 14, 'Aliquam dolor in.', 'aliquam-dolor-in', 'Iusto rem placeat voluptatem asperiores. Enim repudiandae commodi quo aut assumenda. Aliquid maiores omnis eos ut magni.', 'Qui cupiditate nulla tempora dolorum porro quia. Dolorum nihil ab rem nihil. Eligendi occaecati harum voluptate itaque sint est. Nulla maiores eos saepe cumque est vel. Eos consequatur est molestiae in. Consequatur odio ut et iusto nihil voluptas non. Amet esse qui deleniti magni. Id provident nobis a sint autem aut necessitatibus. Accusantium temporibus dicta dolores dolore ut dolor dolorem aut. Eveniet placeat beatae eos. Et ut nihil facilis et aut ut. Veniam qui perspiciatis commodi facere.', 'PUBLISHED', 'https://lorempixel.com/1200/400/?83284', '2018-05-29 06:45:31', '2018-05-29 06:45:31'),
(78, 26, 13, 'Pariatur dolore id vitae ut at.', 'pariatur-dolore-id-vitae-ut-at', 'Voluptate laboriosam qui at tempora velit quis. Et temporibus sequi iure nam. A doloremque accusamus et. Vel consequatur qui sit eius asperiores in reprehenderit. Voluptas nihil omnis dolor illum.', 'Consequatur quibusdam ea unde laboriosam vel. Voluptatem eligendi odit rerum consequatur facilis. Minima voluptas eum quae vel veniam. Quae et ut ab enim rerum. Culpa eum dolore maiores cum unde voluptas. Perferendis et et est sit ex qui nam. Nihil veniam ab delectus. Possimus optio dolorem eum nulla blanditiis non voluptatem. Est ad veniam explicabo aut dignissimos. Praesentium suscipit voluptatibus nesciunt eius quo eum. Voluptatem quo commodi consectetur alias.', 'DRAFT', 'https://lorempixel.com/1200/400/?91077', '2018-05-29 06:45:31', '2018-05-29 06:45:31'),
(79, 24, 15, 'Necessitatibus et dolor et qui.', 'necessitatibus-et-dolor-et-qui', 'Recusandae et officiis quod. Et culpa sit eum recusandae minus. Eos non officia sunt.', 'Corrupti blanditiis dignissimos consequuntur ipsam omnis consectetur molestias. Ratione saepe perferendis molestias dolorum unde et. Assumenda esse quod asperiores aliquam animi. Officia aut fugit repudiandae voluptatum est maxime. Dolorem voluptas quas qui illum. Ratione excepturi qui sint corrupti labore incidunt quia. Dolore accusamus ut cum incidunt voluptatum et non.', 'PUBLISHED', 'https://lorempixel.com/1200/400/?78174', '2018-05-29 06:45:31', '2018-05-29 06:45:31'),
(80, 7, 2, 'Numquam voluptatum sit.', 'numquam-voluptatum-sit', 'Pariatur adipisci alias ut eum aut. Totam vero quia aspernatur quod et. Et recusandae iure est aspernatur sapiente sit qui architecto.', 'Sint illum dicta inventore sint. Quibusdam explicabo aspernatur ipsa. Aspernatur ut autem fugiat qui laudantium sed commodi. Maiores nesciunt repellendus et rerum. Maiores sit nihil deleniti sunt ex quia et harum. Dolores enim sit repudiandae qui. Architecto voluptas et qui nulla. Et corrupti in nostrum aperiam. Ipsam minima dolor ratione doloribus ullam qui. Aliquid dicta possimus beatae voluptatem adipisci blanditiis.', 'DRAFT', 'https://lorempixel.com/1200/400/?86370', '2018-05-29 06:45:31', '2018-05-29 06:45:31'),
(81, 16, 7, 'Ullam vero ut.', 'ullam-vero-ut', 'Sint et illo aspernatur doloremque nemo dolorum aut. Ex soluta explicabo incidunt odio et tempora. Excepturi porro aliquid dicta molestiae. Harum debitis qui animi voluptatem error quae sint.', 'Illo nihil accusamus mollitia doloribus quisquam. Adipisci pariatur architecto nesciunt quo. Neque illum magnam eum. Illo velit ratione cumque et recusandae quae pariatur. Laboriosam et dignissimos deserunt tenetur quaerat distinctio. Doloremque in occaecati aut. Voluptas totam et repudiandae cupiditate. Eum sunt quae doloribus explicabo corrupti veniam ipsum. Ipsa quaerat omnis dolorum dolorum deserunt qui quis.', 'DRAFT', 'https://lorempixel.com/1200/400/?27622', '2018-05-29 06:45:31', '2018-05-29 06:45:31'),
(82, 4, 17, 'Quo quasi deleniti quam explicabo.', 'quo-quasi-deleniti-quam-explicabo', 'Modi placeat excepturi debitis fugiat. Nostrum ratione animi facilis. Maxime ex corrupti sed odit fugit voluptatem.', 'Voluptates eos rerum aut alias qui. Deleniti eos voluptatem qui minus. Exercitationem aspernatur voluptas dicta neque earum maxime hic. Ut quia rerum possimus error expedita distinctio quibusdam. Aliquid eveniet eos sapiente at dolorum dolorem quia. Dignissimos sit id eius nam. Quos ut totam quidem modi labore possimus. Et praesentium architecto sit nulla molestias vero commodi.', 'DRAFT', 'https://lorempixel.com/1200/400/?51933', '2018-05-29 06:45:31', '2018-05-29 06:45:31'),
(83, 21, 8, 'Molestiae iusto laborum rem.', 'molestiae-iusto-laborum-rem', 'Vel eligendi sed maxime nisi quod. Architecto sint et alias sint deleniti. Quibusdam atque optio autem tempore et consequatur.', 'Est omnis autem quos sed. Consequatur inventore ratione velit commodi odit aut. Non laboriosam distinctio quod tempore quae et. Et ea dignissimos nemo. Aut minima et expedita. Laboriosam ea est velit ut. Molestiae sed in distinctio est. Saepe laudantium est temporibus voluptas et. Magni ab atque corrupti quia in dolorem quo sit.', 'PUBLISHED', 'https://lorempixel.com/1200/400/?60003', '2018-05-29 06:45:31', '2018-05-29 06:45:31'),
(84, 17, 18, 'Voluptas in sit quia.', 'voluptas-in-sit-quia', 'Sint natus quia autem molestias. Assumenda culpa ut numquam commodi aut omnis dolor. Aut nam et repudiandae ratione consequuntur.', 'Sed placeat distinctio possimus ipsum sit sed. Quidem est harum doloribus odio. Incidunt ut rerum vitae maiores. Occaecati qui laudantium repellendus accusamus repudiandae magnam nobis. Cumque ut aspernatur suscipit necessitatibus vero impedit. Ut quidem unde maiores. Eaque modi perferendis consequatur omnis quos est perspiciatis. Aut cupiditate quae voluptatibus. Ea placeat perferendis sed ut sed. At maxime consectetur cum saepe porro iusto.', 'PUBLISHED', 'https://lorempixel.com/1200/400/?80733', '2018-05-29 06:45:31', '2018-05-29 06:45:31'),
(85, 9, 18, 'Dicta commodi animi sit.', 'dicta-commodi-animi-sit', 'Porro qui rerum quae et tempora repellat quod. Quos et non pariatur saepe eum molestias velit. Architecto et atque et magni ducimus.', 'Fugiat ipsum tempora eligendi maiores aut et et. Quas consequatur ratione iusto repellendus provident. Corporis autem reprehenderit dolorum harum quis placeat voluptates. Ut quis dolores dolores. Magnam est quia et ducimus optio aut sed eaque. Odit nobis sint deserunt voluptates.', 'DRAFT', 'https://lorempixel.com/1200/400/?92828', '2018-05-29 06:45:31', '2018-05-29 06:45:31'),
(86, 5, 13, 'Quis corrupti eius vitae est nesciunt.', 'quis-corrupti-eius-vitae-est-nesciunt', 'Consectetur reprehenderit accusantium in et adipisci. Consequatur ipsum nihil porro ad ut. Molestias quaerat omnis autem cumque.', 'Accusamus reprehenderit omnis sint voluptas. Praesentium enim ea quas nulla cumque est quo. Mollitia molestiae quas est excepturi. Commodi occaecati sed aliquid dolores quia. Accusantium inventore dolor dolor quo voluptatem odit. Est non laudantium sunt iste ipsum. Ducimus illum dignissimos autem omnis velit sint sunt. Dolor voluptatem explicabo sit at sed quo mollitia. Debitis ab qui excepturi sint nobis maxime sit delectus. Perspiciatis eos ut deserunt autem dolorem.', 'PUBLISHED', 'https://lorempixel.com/1200/400/?67998', '2018-05-29 06:45:31', '2018-05-29 06:45:31'),
(87, 1, 19, 'Voluptas quo sit.', 'voluptas-quo-sit', 'Aut quia pariatur quo amet esse. Repellat expedita perferendis praesentium quibusdam provident accusantium omnis omnis. Placeat qui laudantium ipsa quo perferendis non nostrum.', 'Voluptas expedita omnis qui fugiat. Qui corrupti corrupti nihil delectus. Cumque exercitationem atque et voluptatum. Hic sunt necessitatibus perferendis sapiente corrupti. Sit autem quaerat ex. Qui voluptatum nam ullam ratione sint velit nesciunt. Similique quidem voluptate saepe adipisci libero ipsam. Qui saepe voluptatum molestias est debitis eveniet et. Eos sit dolorem dolor beatae. Suscipit corporis explicabo ut in perspiciatis cupiditate.', 'DRAFT', 'https://lorempixel.com/1200/400/?23488', '2018-05-29 06:45:31', '2018-05-29 06:45:31'),
(88, 24, 10, 'Sequi voluptatem voluptatem quia dolor.', 'sequi-voluptatem-voluptatem-quia-dolor', 'Distinctio non non qui aspernatur aliquam aperiam sunt. Natus debitis sunt beatae harum aut. Omnis ipsa sed ratione. Vero mollitia aperiam officiis asperiores. Cupiditate dolor qui ut ipsam maxime.', 'Cum repudiandae quo et consequatur. Sunt aut fugiat quia minima. Expedita incidunt in tenetur et iusto quidem voluptatem. Impedit quo tenetur et neque. Vero aut rem molestiae suscipit. Voluptate a qui soluta. Voluptatum esse molestiae repellendus maiores ex totam. Numquam ad quaerat assumenda delectus tempora explicabo non sed. Et unde voluptas est non laboriosam eligendi. Sunt aut sed totam. Autem quos maiores et ut minima. A doloremque ab tempora earum nesciunt nam non.', 'DRAFT', 'https://lorempixel.com/1200/400/?38171', '2018-05-29 06:45:31', '2018-05-29 06:45:31'),
(89, 23, 20, 'Ipsam facere qui.', 'ipsam-facere-qui', 'Sed repellendus dolorem et sunt. Et omnis itaque et ut perferendis ducimus. Voluptatum aut omnis et et. Ex hic quia aut dolores voluptates nostrum.', 'Aut voluptatem eos quaerat expedita odit error aut eveniet. Veritatis similique alias tempore minus. Voluptate provident illo repudiandae exercitationem culpa voluptates. Voluptatibus in ea occaecati. Similique id odio aut magni. Possimus nihil commodi consequatur sapiente dolore. Excepturi nam ut consequatur qui est. Delectus quia ex ut repudiandae. Doloribus facilis vel harum ea repudiandae. Est earum sed et maxime omnis. Quia temporibus reiciendis delectus sint.', 'DRAFT', 'https://lorempixel.com/1200/400/?63279', '2018-05-29 06:45:31', '2018-05-29 06:45:31'),
(90, 7, 4, 'Dolor rerum ut.', 'dolor-rerum-ut', 'Et repudiandae dolor dolor consequatur officia id ex. Assumenda ea voluptatum possimus odit itaque. Est pariatur soluta ut maxime provident corporis est.', 'Ipsum et recusandae itaque labore quia dignissimos. Illo qui voluptatem provident voluptates quaerat dolores eligendi. Sit corrupti excepturi aliquam sed est. Quod eos perferendis vel est. Molestiae tenetur soluta et. Magnam voluptatum aut in est nemo. Laboriosam expedita sint pariatur est rem magnam accusamus. Laborum et cupiditate quis. Sit omnis in est sapiente id omnis vel vero. Voluptatem laborum et earum.', 'DRAFT', 'https://lorempixel.com/1200/400/?80455', '2018-05-29 06:45:31', '2018-05-29 06:45:31'),
(91, 20, 13, 'Et vel et voluptates.', 'et-vel-et-voluptates', 'Labore aut ullam laborum in qui voluptatem. Atque quod quaerat aut tenetur excepturi debitis. Nesciunt fuga pariatur illo quis. Enim repellat corrupti veniam non et cumque.', 'Et sapiente sint distinctio voluptatibus quibusdam. Distinctio nam ad voluptas sint quia deserunt. Incidunt atque consequatur qui inventore. Dolor modi sit autem asperiores consequatur. Fuga et dolorem rerum perferendis iusto autem et. Repellendus et molestiae harum et. Voluptate odit eaque nesciunt. Illo quisquam nihil maiores fugit. Aut porro animi dolor. A et deleniti ad blanditiis quos eos autem. Non atque quod quis consequuntur blanditiis enim animi.', 'PUBLISHED', 'https://lorempixel.com/1200/400/?75912', '2018-05-29 06:45:31', '2018-05-29 06:45:31'),
(92, 9, 4, 'Perferendis corporis modi necessitatibus quia.', 'perferendis-corporis-modi-necessitatibus-quia', 'Repellat qui et ab fugit ut. Quia accusantium aut ipsa. Nulla voluptatum minus veniam fugiat. Delectus minus sit perspiciatis.', 'Facilis dicta maxime molestiae debitis et quia atque. Quia non sint delectus non eligendi architecto. Rerum repellat non commodi eligendi omnis. Quis sit enim doloremque eligendi ratione consequuntur. Quidem omnis architecto qui ullam ducimus ratione. Quia aperiam autem quia modi atque ut ex. Reprehenderit molestiae magnam totam asperiores aspernatur quia. At sed et error sint deserunt mollitia. Est est quia et qui est. Aut impedit laboriosam iusto a vel iusto consequuntur.', 'PUBLISHED', 'https://lorempixel.com/1200/400/?12015', '2018-05-29 06:45:31', '2018-05-29 06:45:31'),
(93, 10, 4, 'Autem numquam est nobis ea quos.', 'autem-numquam-est-nobis-ea-quos', 'Iusto quia fugit saepe eos consequatur placeat laudantium nihil. Eum qui beatae dicta voluptatem aut sed est. Sunt et hic dolor accusamus.', 'Sequi sunt totam sapiente maiores autem. Fugit porro inventore et quidem. Est nam iure perspiciatis voluptate. Qui nam sunt aliquam perferendis nulla nulla ut quae. Cumque eum quod dicta ea. Tempora ipsa nisi molestias perspiciatis est consequuntur. Totam molestiae temporibus rerum cum consequatur facere. Enim occaecati est unde. Qui quis et modi dignissimos et. Optio quis voluptatem temporibus eius quia a eligendi voluptas.', 'PUBLISHED', 'https://lorempixel.com/1200/400/?98937', '2018-05-29 06:45:31', '2018-05-29 06:45:31'),
(94, 25, 2, 'Accusantium aut rerum.', 'accusantium-aut-rerum', 'Tenetur voluptatem quam cum quam velit quos. Et sint laborum adipisci qui unde reiciendis nulla. Quam libero aliquid consequatur alias quae in enim.', 'Aut quaerat non voluptas id ullam et. Neque et facilis eos libero tempore nemo qui. Qui eos ratione quia porro eveniet dicta. A quo iusto optio odit eaque esse. In voluptates similique rerum dolorem ad cumque qui. Autem labore dignissimos doloremque veniam quis minima dolor mollitia. Laboriosam non veniam beatae autem alias.', 'DRAFT', 'https://lorempixel.com/1200/400/?35149', '2018-05-29 06:45:31', '2018-05-29 06:45:31'),
(95, 26, 1, 'Tempora neque distinctio rerum rerum.', 'tempora-neque-distinctio-rerum-rerum', 'Sint incidunt nihil numquam necessitatibus. Eaque reprehenderit nostrum ex aliquid nisi sed nulla. Sed ea est neque consequatur deleniti voluptatem adipisci.', 'Et in vitae qui quasi numquam soluta tempora. Aliquid debitis numquam placeat quia ea minus. Sit nulla autem sequi saepe. Cupiditate voluptatem aspernatur reiciendis. Dolorem non distinctio deserunt in. Voluptate mollitia culpa quaerat porro quia placeat qui. Aliquid ipsa nobis autem omnis. Vel voluptatibus quia incidunt alias unde. Non ex dolor sint inventore. Id nihil et aspernatur dolorum. Neque ipsam voluptate possimus.', 'PUBLISHED', 'https://lorempixel.com/1200/400/?28537', '2018-05-29 06:45:31', '2018-05-29 06:45:31'),
(96, 6, 8, 'Error eum dolorem atque quis.', 'error-eum-dolorem-atque-quis', 'Consequuntur nesciunt unde asperiores aliquid non delectus. Cumque est sit eum at iure quo eligendi. Laboriosam corporis dolorem veritatis sint minima veniam error alias.', 'Officia qui qui ut ad magnam. Voluptatibus voluptas ipsum excepturi dolorum magni sed. Dolores quidem in voluptatem. Odit et quibusdam et reiciendis voluptates hic nihil. In incidunt minus ipsam. Reprehenderit harum et itaque quaerat. Ipsam commodi rerum autem eius consequatur. Dolores earum ducimus amet eum. Et eos nihil illo vel et et. Placeat et rem inventore magni veritatis voluptates sapiente. Mollitia itaque dignissimos nihil maiores reprehenderit incidunt sequi. Aut numquam non fugiat.', 'DRAFT', 'https://lorempixel.com/1200/400/?66226', '2018-05-29 06:45:31', '2018-05-29 06:45:31'),
(97, 12, 6, 'Voluptatem eius rerum.', 'voluptatem-eius-rerum', 'Quos ea enim reiciendis est omnis. Id sed eos qui sit distinctio qui aut maiores. Odio facilis autem praesentium et. Mollitia aut assumenda quis iste labore.', 'Temporibus vel magni in. Quibusdam consectetur velit ullam sint porro. Dolor ea ea rerum sunt distinctio voluptatem. Occaecati ullam ipsa praesentium non placeat rerum ut. Labore dolorum quo non culpa est. Autem cumque quam harum. Voluptates in illo laudantium ut recusandae quis hic consequatur. In sit porro ad sequi quibusdam ipsam ab. Eos similique qui temporibus ducimus voluptates aliquid numquam. Accusamus natus et sit maiores ut.', 'DRAFT', 'https://lorempixel.com/1200/400/?79303', '2018-05-29 06:45:31', '2018-05-29 06:45:31'),
(98, 7, 2, 'Perspiciatis illo exercitationem.', 'perspiciatis-illo-exercitationem', 'Occaecati distinctio nam quaerat placeat. Voluptatem et voluptatum sunt sed laborum ea distinctio. Eos accusamus exercitationem ut dicta a expedita.', 'Sint consequuntur harum veniam recusandae rerum. Autem et eius quis eaque vero. Qui illo quibusdam numquam voluptates expedita ea. Quo quia autem quidem expedita voluptates et. Reiciendis enim incidunt dolor adipisci dolores enim. Molestias deserunt quod voluptatem error dolores. Asperiores eos velit accusamus eius voluptates commodi maiores.', 'DRAFT', 'https://lorempixel.com/1200/400/?72968', '2018-05-29 06:45:31', '2018-05-29 06:45:31'),
(99, 21, 15, 'Esse voluptas occaecati et.', 'esse-voluptas-occaecati-et', 'Odit enim ut qui voluptatum numquam facere. Sunt voluptas perferendis saepe vel.', 'Mollitia et quis sint eos tempore illum. Itaque porro soluta pariatur minima maxime excepturi unde. In accusantium iste fuga et cumque. Magni tempore eum consequuntur nam ab. Sit itaque possimus et qui vero dolor. Sit commodi earum reiciendis quisquam rerum. Repudiandae ratione architecto aliquid dolores qui vero aspernatur perspiciatis.', 'DRAFT', 'https://lorempixel.com/1200/400/?16025', '2018-05-29 06:45:31', '2018-05-29 06:45:31'),
(100, 28, 20, 'Quia sed dolorem.', 'quia-sed-dolorem', 'Vitae debitis voluptatem facilis voluptatibus sequi debitis. Voluptas labore nisi rem. Vero quod corrupti modi deserunt qui.', 'Atque sed cumque labore amet aut. Sit sed optio aliquid quae rem voluptatibus vel. Laudantium aut et quis. Unde nobis saepe est in veritatis soluta. Animi et alias deserunt voluptatum facere non. Rem ullam eum molestiae enim. Voluptatem dolor nemo aliquid minus maxime aperiam. In assumenda molestias non facere temporibus quidem sequi. Debitis fugit nostrum at sunt vel nihil consequatur et. Sit officiis sed quos officiis est.', 'DRAFT', 'https://lorempixel.com/1200/400/?91454', '2018-05-29 06:45:31', '2018-05-29 06:45:31'),
(101, 20, 1, 'Molestias omnis voluptas consectetur.', 'molestias-omnis-voluptas-consectetur', 'Eius et quia voluptate minima. Ratione voluptas totam asperiores doloribus et. Sapiente fugit sapiente doloremque velit aliquid. Optio quia veniam dolores recusandae animi ducimus.', 'Dolor delectus aliquid reprehenderit libero. Nostrum eum est inventore quos quia. Dicta cumque suscipit a in dolore reprehenderit. Odio perferendis aliquam voluptates odio rem fugit. Neque voluptas tempore ipsam consequatur ipsa est aut. Omnis temporibus nisi dolores molestiae adipisci. Aut perferendis sed provident quis odio. Non quia expedita et. Non distinctio itaque animi omnis ea sapiente occaecati. Beatae alias voluptatum labore reprehenderit et unde consequatur.', 'DRAFT', 'https://lorempixel.com/1200/400/?47427', '2018-05-29 06:45:31', '2018-05-29 06:45:31'),
(102, 19, 14, 'Ducimus aliquid dignissimos.', 'ducimus-aliquid-dignissimos', 'Sint esse dolores delectus voluptatem qui dolorem. Porro amet qui nisi maiores. A asperiores ea perferendis et. Porro voluptatum eligendi officia voluptate eaque corporis laborum.', 'Qui qui officia doloribus et officia esse. Enim et ipsa doloremque omnis. Molestias laboriosam et odio accusamus et saepe labore nisi. Optio vitae repudiandae aut aut. Ipsum odit voluptate dolor necessitatibus exercitationem. Aliquam est quia ullam quia nostrum eligendi nihil. Optio illo dolore error architecto ducimus aliquam. Possimus corrupti omnis in suscipit aut. Id quis aperiam maxime magnam. Et dolorum enim qui quia. Et ut at voluptatem. Ut necessitatibus quia maxime.', 'PUBLISHED', 'https://lorempixel.com/1200/400/?47527', '2018-05-29 06:45:31', '2018-05-29 06:45:31'),
(103, 29, 8, 'Non sunt dolorem eius praesentium.', 'non-sunt-dolorem-eius-praesentium', 'Voluptas vel ex ipsum quia vel. Asperiores maxime deleniti dolorem in. Qui est atque et sapiente non.', 'Temporibus sapiente dicta nihil quae. Est sit possimus ut qui rerum. Minus corrupti et debitis occaecati animi. Repellendus sed ea quia velit eveniet architecto harum. Qui numquam ut consequatur rerum unde. Ab non voluptatum provident mollitia sint qui voluptatem. Eos omnis rerum praesentium. Laudantium possimus quis quidem dolorem autem dolor enim. Quae illum at voluptatibus et beatae tempora deserunt reprehenderit.', 'DRAFT', 'https://lorempixel.com/1200/400/?59156', '2018-05-29 06:45:32', '2018-05-29 06:45:32'),
(104, 4, 15, 'Non enim autem dolores.', 'non-enim-autem-dolores', 'Consequatur natus rerum tempora ducimus aut minima esse. Quos quas quae soluta hic soluta ratione consequatur. Dolore maxime fuga quod est.', 'Quae in saepe qui alias qui. Repudiandae consequuntur eius sed enim dolores earum delectus optio. Fugiat est qui eos. Commodi culpa ducimus illum iusto ut molestiae. Voluptas sit quia occaecati cupiditate. Maiores modi molestiae possimus est odio velit et. Molestiae quia vero odit aut laudantium ea deserunt. Maiores dolor consequuntur ratione animi. Quia fugiat dolores voluptatum ut aut est.', 'PUBLISHED', 'https://lorempixel.com/1200/400/?61474', '2018-05-29 06:45:32', '2018-05-29 06:45:32'),
(105, 11, 7, 'Fugit qui quo eligendi.', 'fugit-qui-quo-eligendi', 'Nulla animi et ut fugiat et atque. Occaecati repellat at amet dolores magnam. Dolores dolor hic sunt placeat ut quia.', 'Qui explicabo repudiandae et fugit. Quia voluptatum itaque rerum aliquid sit natus. Ea aut fuga saepe exercitationem perferendis voluptatem omnis est. Enim iste neque molestias aut. Quae iusto eveniet earum nostrum porro perferendis nihil. Voluptatem quidem sunt qui dolores delectus. Amet aut maiores qui ipsum rerum illum dicta.', 'DRAFT', 'https://lorempixel.com/1200/400/?82874', '2018-05-29 06:45:32', '2018-05-29 06:45:32'),
(106, 27, 20, 'Cum id reiciendis vel numquam.', 'cum-id-reiciendis-vel-numquam', 'Tempora cumque officiis eum dolorum error. Rem nihil quis quis rem soluta. Fuga asperiores laboriosam ullam et perspiciatis.', 'Et dolor sequi nihil fugit. Ipsa dolores consequatur explicabo. Velit voluptates porro est et sed autem. Asperiores voluptatibus omnis ut quo minima. Hic et qui dicta blanditiis. Provident est natus aut omnis officiis. Sequi enim aspernatur magnam dicta est nihil rerum porro. Excepturi dignissimos autem non non. Est consequatur consequatur ut quia ipsa architecto cumque. Omnis et enim fuga. Minima et similique odit quos eum nesciunt.', 'DRAFT', 'https://lorempixel.com/1200/400/?86874', '2018-05-29 06:45:32', '2018-05-29 06:45:32'),
(107, 29, 4, 'Recusandae accusamus esse non reprehenderit minus.', 'recusandae-accusamus-esse-non-reprehenderit-minus', 'Quod sed nobis qui cupiditate sit earum et. Enim quod voluptatem quasi odio saepe.', 'Officia et repudiandae ipsa voluptatem. Est eius beatae perspiciatis harum voluptatem. Necessitatibus officiis totam aut similique aliquid. Quae omnis nam iste voluptatem laudantium. Optio in neque dolorum nihil dolorem. Ut quia placeat non expedita illum eligendi corporis. Accusamus rem aut architecto perspiciatis. Ipsum et quis aut ipsa qui nulla. Esse dolorem vitae rerum molestiae. Sunt unde quo accusantium delectus unde ullam. Ab sunt alias est est et.', 'DRAFT', 'https://lorempixel.com/1200/400/?88644', '2018-05-29 06:45:32', '2018-05-29 06:45:32'),
(108, 6, 6, 'Quisquam voluptatem quidem eius.', 'quisquam-voluptatem-quidem-eius', 'Earum laboriosam sint ea rerum sit labore. Temporibus rerum laudantium illum perferendis. Odio ut esse ratione saepe doloremque ex. Consectetur cum molestiae culpa est neque itaque ipsum.', 'Non porro facere non consequatur dolor possimus alias. Et recusandae praesentium minus officia minus. Neque quis repellendus aliquid sunt. Et dolor nulla officiis sunt. A explicabo nemo debitis commodi. Ipsam porro ut laudantium quia voluptas. Consequatur ratione assumenda in perspiciatis. Iusto quo voluptas ipsam atque. Id consequatur et dicta reiciendis. Omnis nulla fugit voluptate eum dignissimos at ab.', 'DRAFT', 'https://lorempixel.com/1200/400/?67219', '2018-05-29 06:45:32', '2018-05-29 06:45:32'),
(109, 10, 20, 'Voluptatibus nihil labore libero maxime.', 'voluptatibus-nihil-labore-libero-maxime', 'Totam impedit ut reprehenderit incidunt. Quis quia aut eveniet esse alias. Vel sunt ad deserunt voluptas reiciendis.', 'Aut iure dolores aliquam incidunt delectus dicta quis vero. Libero veniam ut voluptates et. Tenetur facere adipisci ea et maxime. Dolor quidem atque iste consectetur et ut atque. Nulla et et veniam praesentium quasi libero debitis. Dolorem non laboriosam labore perferendis id. Accusamus aliquam eum qui ab rerum odit. Dolorem eaque sequi iure. Nostrum ullam et nesciunt quae dicta voluptatem.', 'DRAFT', 'https://lorempixel.com/1200/400/?80622', '2018-05-29 06:45:32', '2018-05-29 06:45:32'),
(110, 11, 4, 'Dolores sint impedit nobis quis.', 'dolores-sint-impedit-nobis-quis', 'Placeat labore sint voluptas eum sit libero fuga. Animi eaque qui unde totam voluptatem. Ea fugiat qui earum atque quod. Voluptas error provident blanditiis aut distinctio earum.', 'Sit ratione numquam consequatur. Aliquam non in voluptas quidem blanditiis neque voluptatem tenetur. Magni totam consequatur modi et. Itaque minima reprehenderit voluptates quo dolor voluptatum. Voluptate a sit tempore dolor fugit dolor. Possimus est magnam non nostrum at sed quam. Velit itaque architecto cum totam culpa. Architecto similique ratione cupiditate sit dolorum ea maiores in. Molestias perferendis quam corrupti suscipit nihil hic. Sit iure hic et provident.', 'PUBLISHED', 'https://lorempixel.com/1200/400/?81095', '2018-05-29 06:45:32', '2018-05-29 06:45:32'),
(111, 1, 11, 'Vel ut facilis rem aut.', 'vel-ut-facilis-rem-aut', 'At animi maiores voluptas voluptas quia. Magnam placeat aliquid architecto veniam.', 'Adipisci distinctio qui officia quo asperiores. Tempora sit inventore libero ipsum. Rerum quae itaque impedit et iure. Aut consectetur et blanditiis suscipit error cumque voluptatum. Est eaque beatae et dolor velit. Illo ipsum consectetur explicabo voluptatem ullam facere earum. Sunt praesentium corrupti vel porro et officia. Sit vel incidunt sit ut et impedit voluptate. Esse voluptas at ad ipsam est. Asperiores et omnis quis quos.', 'DRAFT', 'https://lorempixel.com/1200/400/?54060', '2018-05-29 06:45:32', '2018-05-29 06:45:32'),
(112, 18, 9, 'Error atque rem sed quisquam totam.', 'error-atque-rem-sed-quisquam-totam', 'Minima ipsa exercitationem et deserunt. Doloremque officia velit qui impedit perspiciatis voluptatem. Placeat voluptatum deleniti magni enim. Ab odit ea aut et sit libero.', 'Est recusandae et at. Voluptatem et adipisci velit veritatis voluptatem. Recusandae autem aut atque nam ab. Hic voluptatem error quia quod ex atque. Sunt amet illo quas similique et quisquam. Consequatur est et illo error expedita dignissimos fugiat. Quis sunt vel adipisci earum. Qui iusto quo mollitia vel nihil non ab.', 'PUBLISHED', 'https://lorempixel.com/1200/400/?88823', '2018-05-29 06:45:32', '2018-05-29 06:45:32'),
(113, 25, 16, 'Aliquid nihil dolores aut impedit.', 'aliquid-nihil-dolores-aut-impedit', 'Et qui quia occaecati omnis praesentium aut. Quo magnam dolorem eaque velit inventore eveniet natus. Accusantium iusto perferendis voluptatem veritatis rerum.', 'Et adipisci quae in alias explicabo. Soluta esse dolorem dolor nihil optio ducimus. Omnis beatae repudiandae et et culpa officiis. Est qui sit dignissimos sint quo. Commodi fuga laboriosam voluptatum atque qui. Facilis magnam commodi animi voluptatem alias ut. Quae rerum voluptatem sit quia omnis non porro. Omnis molestiae nesciunt quo cum perferendis. Earum qui est facere quis. Veritatis error modi adipisci sequi nesciunt nesciunt.', 'PUBLISHED', 'https://lorempixel.com/1200/400/?71818', '2018-05-29 06:45:32', '2018-05-29 06:45:32'),
(114, 14, 11, 'Aspernatur ut qui.', 'aspernatur-ut-qui', 'Sit aut totam fuga laboriosam molestiae laudantium. Et est nisi laboriosam perferendis ullam magnam. Qui quam repudiandae quod doloremque aut nesciunt est.', 'Aut labore quia laboriosam sint quisquam dolores et a. Nam dolorem sint rerum illo dolorem. Tempora culpa consectetur itaque et officia minima. Ipsa impedit et cupiditate. Voluptatem laboriosam ab dolore autem enim. Qui quo ea eum error labore. Totam est error inventore non rerum. Facere voluptatibus cupiditate sint quibusdam provident.', 'PUBLISHED', 'https://lorempixel.com/1200/400/?19363', '2018-05-29 06:45:32', '2018-05-29 06:45:32'),
(115, 16, 8, 'Laborum et non veniam est.', 'laborum-et-non-veniam-est', 'Sint veritatis quia soluta quod occaecati id. Ullam occaecati pariatur et blanditiis ratione. Vitae accusamus veniam neque distinctio. Cupiditate consectetur nam aut aut impedit nihil consequuntur.', 'Inventore distinctio minima et et dolore ratione sed. Nostrum voluptatum optio eum laudantium ipsam non aut. Quas soluta et blanditiis magnam minima voluptatem perferendis. Aut ut maiores libero aut. Dolor sed praesentium asperiores magni ut numquam eligendi. Molestias consequatur beatae adipisci aperiam illum est. Totam et sequi aut explicabo dolor enim accusantium. Et quibusdam iusto est rerum ex cum ut.', 'DRAFT', 'https://lorempixel.com/1200/400/?71466', '2018-05-29 06:45:32', '2018-05-29 06:45:32'),
(116, 15, 4, 'Rerum fuga mollitia non.', 'rerum-fuga-mollitia-non', 'Nam nostrum voluptatem sint quas. Iste culpa qui qui exercitationem consectetur in. Delectus voluptatem dolore nostrum et.', 'Hic est eos maiores blanditiis adipisci ipsum ea sunt. Repellendus rerum sed voluptate doloribus. Deleniti blanditiis eos ut fuga. Iusto voluptas in accusantium recusandae. Culpa deserunt et harum tenetur deleniti quia. Omnis expedita id et et et. Quo accusantium voluptatem sapiente distinctio excepturi dolorum. Eum reprehenderit deserunt doloremque numquam sit.', 'DRAFT', 'https://lorempixel.com/1200/400/?63603', '2018-05-29 06:45:32', '2018-05-29 06:45:32'),
(117, 13, 3, 'Voluptatum voluptas itaque beatae totam.', 'voluptatum-voluptas-itaque-beatae-totam', 'Voluptatum mollitia quidem praesentium. Et repudiandae expedita repellendus. Et adipisci dolore beatae dicta. Aut rerum voluptatum sit quis labore. Culpa nulla sit libero.', 'Voluptatem sit explicabo natus a. Eos ut quas eaque dolorum et corrupti. Quo aliquam tempora ad veritatis. Repellat error vero impedit molestiae soluta est et officia. Molestiae dolorum id sit velit possimus quis. Error tempore molestias exercitationem mollitia est sed. Sint expedita mollitia placeat molestiae dolores consequatur. Mollitia sed qui quod non sit dolore est eius.', 'PUBLISHED', 'https://lorempixel.com/1200/400/?53328', '2018-05-29 06:45:32', '2018-05-29 06:45:32'),
(118, 25, 8, 'Est eos ea facere repellat.', 'est-eos-ea-facere-repellat', 'Reprehenderit culpa rem nihil optio amet. Consequatur harum enim nihil non voluptatem. Corrupti alias laborum saepe eum cupiditate cumque et. Aliquid ut necessitatibus est provident voluptatem.', 'Doloremque et expedita similique omnis illum aperiam. Sit magni soluta voluptate vel. In tempore et rerum ratione minus est. Et culpa quas ut natus. Voluptatum asperiores tempore quae officiis pariatur quo ad ut. Praesentium sed non esse maxime consequatur repudiandae dolorum. Voluptatem sapiente possimus vitae odit similique sunt. Praesentium ea sunt cumque et.', 'PUBLISHED', 'https://lorempixel.com/1200/400/?50096', '2018-05-29 06:45:32', '2018-05-29 06:45:32'),
(119, 16, 19, 'Adipisci earum eum est.', 'adipisci-earum-eum-est', 'Voluptatibus consequatur iusto molestiae fugiat. Quia nam dolorem non dolorem hic quo eaque. Cupiditate blanditiis nihil magnam repellendus. Sequi quis error repudiandae qui vel est qui.', 'Aut porro ipsa qui enim molestiae ex sit pariatur. Deserunt ut delectus atque reprehenderit qui quos. Veritatis qui qui ea labore dolorum omnis asperiores. Voluptatem blanditiis consequatur sit distinctio numquam. Repellendus sequi repellat beatae voluptatem ipsa laboriosam. Excepturi omnis impedit totam qui nostrum delectus. Qui est ad occaecati necessitatibus labore architecto cupiditate temporibus. Ipsum eos dicta omnis.', 'DRAFT', 'https://lorempixel.com/1200/400/?63419', '2018-05-29 06:45:32', '2018-05-29 06:45:32'),
(120, 3, 18, 'Aut eos veniam suscipit.', 'aut-eos-veniam-suscipit', 'Eaque possimus et et magni unde neque. Reiciendis sit ut cupiditate eos. Sed tenetur aut rerum quaerat quisquam. Eos voluptatem sapiente omnis et ut nobis.', 'Aut porro facilis recusandae et qui quisquam dolor similique. Facilis totam harum deleniti ut. Ut rem hic distinctio sunt. Iste reprehenderit veniam laboriosam autem quod quis. Enim delectus voluptate soluta dolor et. Ab sit et officia repudiandae pariatur esse atque. Qui blanditiis esse aspernatur est ut quia qui. Voluptatem perferendis eius officia illo et dolores qui. Suscipit voluptatem eum eum itaque ut quo.', 'PUBLISHED', 'https://lorempixel.com/1200/400/?75388', '2018-05-29 06:45:32', '2018-05-29 06:45:32'),
(121, 8, 19, 'Nam rerum quidem quae aliquam officiis.', 'nam-rerum-quidem-quae-aliquam-officiis', 'Tempora neque fugit enim magnam sed optio provident ut. Ratione minima porro placeat eos. Ducimus nihil et est id. Impedit a placeat dolorem.', 'Dolor corporis quo eos quia quod. Ut repellendus ut odio perferendis est. Voluptatem amet quae pariatur voluptatem ullam dicta repellat ipsam. Aperiam at et rem. Officia nesciunt unde impedit minima consequuntur voluptas ut. Est aut repudiandae et sed commodi cum. Sed aut nobis explicabo consequatur. Nesciunt quam soluta iste quisquam omnis.', 'DRAFT', 'https://lorempixel.com/1200/400/?58080', '2018-05-29 06:45:32', '2018-05-29 06:45:32'),
(122, 26, 5, 'Beatae perspiciatis veniam.', 'beatae-perspiciatis-veniam', 'Praesentium nulla corporis fugiat. Aut aut veniam minima aut quis saepe optio. Vero enim autem facilis quod quis. Quo aut animi dicta veniam aut necessitatibus consequatur.', 'Rerum doloremque incidunt consequatur vel. Et inventore dignissimos labore. Quos officia eos velit. Nostrum ullam praesentium cum in qui soluta. Tempora perspiciatis illo nam autem. Dolorem quas placeat illo iure est. Sed ipsum officia deleniti non tempora. Itaque ut laudantium aut. Quas quo qui ab distinctio vitae tempora. Officiis quae error nisi. Dolorem pariatur ea dolorum amet sed.', 'DRAFT', 'https://lorempixel.com/1200/400/?79814', '2018-05-29 06:45:32', '2018-05-29 06:45:32'),
(123, 4, 1, 'Id suscipit dicta ut.', 'id-suscipit-dicta-ut', 'Autem omnis rerum ut dolorum. Suscipit voluptates incidunt dolorem. Laboriosam ea quasi fugiat. Quo magni saepe quia accusamus veritatis.', 'Expedita ipsam repellendus voluptas perferendis adipisci ullam atque. Architecto ullam saepe sint dolor et quas. Suscipit consequatur commodi aut debitis voluptatem autem et amet. Illum rerum rerum blanditiis atque. At odit ea aut porro minus quis esse. Quia assumenda fugiat exercitationem doloribus nemo qui quam. Veritatis earum ut aut consequuntur. Sed aut quia dolor asperiores. Non aliquam ullam dolor facere temporibus sint.', 'DRAFT', 'https://lorempixel.com/1200/400/?68819', '2018-05-29 06:45:32', '2018-05-29 06:45:32'),
(124, 14, 9, 'Aut dicta est consectetur numquam.', 'aut-dicta-est-consectetur-numquam', 'Iusto recusandae minus molestiae sunt necessitatibus vel. Porro error sunt perspiciatis eos harum quia accusantium. Consectetur ut enim aut et temporibus. Nisi voluptate facilis et architecto dolor.', 'Dolores sed repudiandae et laborum magni sint tempora. Laudantium commodi cupiditate quisquam qui officiis. Provident quo sint nihil aut. Ut animi laboriosam earum distinctio necessitatibus a libero accusamus. Sapiente vero vero earum corporis consequuntur magnam qui aperiam. Qui culpa nesciunt voluptate officia ut sint aut. Id quia dolores alias sit qui ut.', 'PUBLISHED', 'https://lorempixel.com/1200/400/?18289', '2018-05-29 06:45:32', '2018-05-29 06:45:32'),
(125, 2, 16, 'Consectetur vitae ad nostrum repellat.', 'consectetur-vitae-ad-nostrum-repellat', 'Ullam ratione ut qui ab. Ipsa commodi explicabo amet autem et. Rerum assumenda minima error provident debitis dolor eos.', 'Aut voluptas cumque est sed. Nobis quod incidunt pariatur quo. Repellendus porro magni quia a magnam. Alias atque nemo sed aut consequuntur. Deserunt sed voluptatibus consequatur quidem nihil adipisci. Delectus repudiandae voluptatem quo quo tenetur. Labore magnam aliquid accusantium aperiam sit suscipit. Asperiores nulla tenetur maxime. Dolores ex omnis et. Consequuntur assumenda vel eum. Vero minima adipisci sit architecto voluptas. Ut qui expedita vel quis nisi.', 'DRAFT', 'https://lorempixel.com/1200/400/?16870', '2018-05-29 06:45:32', '2018-05-29 06:45:32'),
(126, 19, 2, 'Eveniet est quas dolores optio.', 'eveniet-est-quas-dolores-optio', 'Iure ut delectus ut. Omnis quisquam quia id ipsa iure error. Ex aliquid enim neque dicta ex explicabo. Quae enim aut quas ipsa.', 'Est molestias qui cumque doloribus omnis. Placeat non nostrum rerum magnam harum. Asperiores ut magnam aut harum inventore corporis perferendis. Quod dicta libero ab in ducimus. Doloremque suscipit sunt eos et voluptatem provident commodi. Quas dolores sit sed nam. Et qui dolorem voluptatum delectus amet. Adipisci facilis qui nulla quo aut enim. Ut similique voluptatum necessitatibus quia consequatur ullam dolor.', 'PUBLISHED', 'https://lorempixel.com/1200/400/?17085', '2018-05-29 06:45:32', '2018-05-29 06:45:32'),
(127, 9, 4, 'Repellendus et ipsum voluptatibus possimus.', 'repellendus-et-ipsum-voluptatibus-possimus', 'Numquam impedit facilis voluptate ducimus molestias. Pariatur ea et minus sed consequatur nisi aliquid. Debitis facere ut ipsa vel cum. Sit sunt totam nisi laudantium.', 'Vel dolores est sunt. Id rerum minus eligendi qui facilis praesentium eligendi. Dolores vero iure magni ut fugit provident vitae. Distinctio rem inventore sunt quasi corporis consectetur odio nihil. Quisquam impedit ipsam est nihil porro est nesciunt. Aspernatur consequatur distinctio cupiditate laborum doloremque.', 'PUBLISHED', 'https://lorempixel.com/1200/400/?61015', '2018-05-29 06:45:33', '2018-05-29 06:45:33'),
(128, 14, 3, 'Ut qui quisquam ad qui exercitationem.', 'ut-qui-quisquam-ad-qui-exercitationem', 'Et laborum iusto et officiis. Sequi voluptatem odio vitae facere in et. Illum aliquam non excepturi distinctio doloremque odio non. Vel omnis nostrum earum sed et cum exercitationem.', 'Facere tenetur ea dolore perspiciatis. Aut quis optio libero aperiam. Aut rem aliquam dolores et. Autem eum et nobis aut. Voluptatem architecto illo est velit consequatur iusto eius. Minus quia molestiae numquam dicta aperiam. Eius sed enim necessitatibus dolore qui. Dolores perferendis dolores eius harum dolorem debitis. Voluptatem ullam dolorem totam eum enim exercitationem. Aperiam quos earum dolorem animi tenetur atque.', 'DRAFT', 'https://lorempixel.com/1200/400/?48275', '2018-05-29 06:45:33', '2018-05-29 06:45:33'),
(129, 29, 19, 'Tenetur aut non qui ex magnam.', 'tenetur-aut-non-qui-ex-magnam', 'Amet repellendus itaque voluptas quaerat quod. Libero eligendi placeat quod vitae perferendis aut non. Mollitia ut esse velit sint error aut eum. Quia quod quaerat mollitia aut aperiam.', 'Doloribus velit aut fugiat id non. Sequi ea saepe culpa rem aspernatur odio. Deleniti aliquid et reprehenderit. Voluptas esse at architecto commodi quidem. In perspiciatis et in quaerat sed. Dolorem rem perspiciatis recusandae tenetur. Repudiandae asperiores itaque amet.', 'PUBLISHED', 'https://lorempixel.com/1200/400/?23829', '2018-05-29 06:45:33', '2018-05-29 06:45:33'),
(130, 19, 10, 'Fuga cum ipsam incidunt ut commodi.', 'fuga-cum-ipsam-incidunt-ut-commodi', 'Neque debitis dicta est aliquid rerum et non eum. Voluptas corrupti omnis quia sint sed. Atque nulla rerum sint consequatur.', 'Velit et animi animi explicabo. Nihil expedita exercitationem recusandae reprehenderit. Sit eum quia optio ratione voluptate. Quia voluptas et omnis sequi qui. Similique aut porro veritatis exercitationem numquam ipsa suscipit eveniet. Culpa architecto recusandae incidunt amet ipsam molestias. Nemo et sit neque quia accusantium occaecati. Accusamus fugit recusandae molestiae minima vitae ab totam. Aut dolorem blanditiis quasi facere.', 'PUBLISHED', 'https://lorempixel.com/1200/400/?22098', '2018-05-29 06:45:33', '2018-05-29 06:45:33'),
(131, 9, 3, 'Quia molestiae repudiandae est.', 'quia-molestiae-repudiandae-est', 'Tempora blanditiis et labore corporis maxime ullam. Alias odio sit ad rerum quos. Id ea aut non. Maxime qui excepturi ad.', 'Necessitatibus recusandae qui id dolores occaecati consequatur harum. Blanditiis quia maxime nesciunt eum sunt sapiente exercitationem. Perspiciatis autem tenetur vel quo. Animi vel quibusdam est ut provident. Maiores aliquid dolorum officiis tempora voluptatem placeat. Vel ratione praesentium autem maxime.', 'PUBLISHED', 'https://lorempixel.com/1200/400/?59278', '2018-05-29 06:45:33', '2018-05-29 06:45:33'),
(132, 20, 15, 'Ut totam illo quis ab ea.', 'ut-totam-illo-quis-ab-ea', 'Earum sunt qui esse in. Consequatur provident sit inventore earum necessitatibus accusantium. Sequi minima reprehenderit est quis pariatur. Quibusdam qui maiores sunt incidunt.', 'Necessitatibus accusamus veniam occaecati aliquam ut rerum consectetur. Ipsum sapiente sint excepturi enim. Reiciendis dignissimos ab laudantium velit. Qui et facilis cum. Earum sed eveniet est repellat. Adipisci voluptas et beatae blanditiis quia cum. Totam autem qui sed rerum consectetur. Laboriosam et repellat facere eaque itaque harum.', 'DRAFT', 'https://lorempixel.com/1200/400/?68598', '2018-05-29 06:45:33', '2018-05-29 06:45:33'),
(133, 7, 10, 'Quidem dolor earum beatae voluptas.', 'quidem-dolor-earum-beatae-voluptas', 'Aspernatur earum tenetur ut et sapiente rerum. Aut facilis ut nulla eos. Earum suscipit qui incidunt. Iste soluta in eligendi rem nulla nihil quo.', 'Dolorem earum quam aut. Aliquid consequatur corporis asperiores sed laboriosam ut. Nisi sit eos neque possimus eum. Est molestias modi sed quidem. Voluptatem modi explicabo officia aut nostrum excepturi. Inventore facilis cupiditate voluptatem velit ratione amet. Nobis tempora dolorum et ipsa ad dolorum sunt. Et voluptatibus cumque dolor rem ex beatae nihil non. Sint rerum necessitatibus cumque error pariatur. Sed in deserunt a quaerat eveniet iste. Similique architecto modi in minima.', 'PUBLISHED', 'https://lorempixel.com/1200/400/?62340', '2018-05-29 06:45:33', '2018-05-29 06:45:33');
INSERT INTO `posts` (`id`, `user_id`, `category_id`, `name`, `slug`, `excerpt`, `body`, `status`, `file`, `created_at`, `updated_at`) VALUES
(134, 3, 15, 'Ut sint dolores natus.', 'ut-sint-dolores-natus', 'Officiis necessitatibus nihil et ratione repellat iusto. Id omnis veniam sit est at distinctio quo.', 'Et voluptas fugit alias omnis ut quo asperiores. Soluta modi laborum est et tenetur. Dolorem adipisci et ipsa iusto repellendus provident qui rerum. Accusamus neque aspernatur vero ratione. Deleniti suscipit qui earum officiis aut molestiae. Repudiandae iure vitae rerum ea odit ad voluptatum qui. Nihil est et itaque aperiam nulla pariatur. Quod quibusdam alias quia et debitis voluptates et et.', 'PUBLISHED', 'https://lorempixel.com/1200/400/?83003', '2018-05-29 06:45:33', '2018-05-29 06:45:33'),
(135, 12, 3, 'Sunt repellendus porro.', 'sunt-repellendus-porro', 'Sit delectus laborum cumque enim. Exercitationem porro ut nesciunt autem sint voluptates aspernatur. Accusamus dolorem temporibus sed incidunt est aspernatur.', 'Est aut quia vitae exercitationem sequi quo. Commodi alias voluptatem nihil ipsam quia molestiae quis. Nesciunt et voluptatem at facere qui. Error ea inventore nisi est earum qui. Sit voluptate nostrum voluptas quia fugit quia. Ab qui veniam quis mollitia magnam. Autem minima qui iste ut error officia. Vitae expedita corporis consequuntur fuga qui. Voluptate cum consequuntur necessitatibus voluptatem. Nostrum ad sint maiores occaecati commodi consequatur.', 'PUBLISHED', 'https://lorempixel.com/1200/400/?78391', '2018-05-29 06:45:33', '2018-05-29 06:45:33'),
(136, 18, 13, 'Ex temporibus dicta quasi.', 'ex-temporibus-dicta-quasi', 'Animi voluptatem error atque eius quis non repellat. Dolor suscipit suscipit necessitatibus architecto id qui nulla. Doloremque sint quisquam distinctio.', 'Iste magni voluptatibus ea. Dolorum maxime quas reiciendis non voluptatem. Omnis unde maiores magnam itaque nisi. Aut voluptas et eos ut quia quo dolores. Sed fugit ut aut eos est et est voluptatem. Molestiae distinctio aut amet. Et est similique saepe voluptatibus aliquid. Quam maxime ducimus sint nam culpa quaerat ea. Fugiat est qui nesciunt tempore nemo. Qui sed eius natus qui laudantium. Quis voluptas et quis est.', 'PUBLISHED', 'https://lorempixel.com/1200/400/?91736', '2018-05-29 06:45:33', '2018-05-29 06:45:33'),
(137, 3, 10, 'Minus et et omnis et doloremque.', 'minus-et-et-omnis-et-doloremque', 'Ut deleniti voluptatibus placeat corrupti earum et. Rerum quisquam rerum ipsum et optio quasi. Eos velit aperiam voluptatem et rem nostrum. Debitis quaerat ut eveniet fugit aut.', 'Facere optio voluptatem architecto maxime. Corporis corrupti nihil esse voluptas et repellendus. Doloremque qui est nemo nam. Qui officiis dolorum voluptatem est eius amet nesciunt. Et a perferendis sit similique sit. Blanditiis eos est voluptatibus quas necessitatibus est. Ut et est vero eaque. Corrupti ab est id vero sunt. Quia aut commodi sit omnis. Quaerat a quaerat eius a incidunt fuga repellat. Distinctio rem officiis temporibus necessitatibus laboriosam consequatur ratione.', 'DRAFT', 'https://lorempixel.com/1200/400/?19610', '2018-05-29 06:45:33', '2018-05-29 06:45:33'),
(138, 26, 5, 'Sed unde dignissimos magni.', 'sed-unde-dignissimos-magni', 'Vitae corrupti vero ad unde iure. Debitis beatae deleniti doloribus. Molestias debitis quibusdam corrupti odio quo fugit natus. Aperiam quos in sit accusantium sit quisquam.', 'Quia exercitationem laudantium illum. Illum excepturi id quos. Nobis adipisci sed itaque unde modi ea libero. Voluptate et enim dolore ut odit. Possimus consequatur voluptas rerum ut magni nihil. Quisquam consequatur voluptatem inventore recusandae iure quod omnis. Quos deleniti est perferendis. In repellendus ex illum voluptas. Rerum praesentium assumenda eos aliquid quo. Id sint deleniti libero eaque eligendi qui esse. Voluptatem id ut accusamus modi et ut quisquam.', 'PUBLISHED', 'https://lorempixel.com/1200/400/?87000', '2018-05-29 06:45:33', '2018-05-29 06:45:33'),
(139, 15, 6, 'Quaerat ut quis ut ut.', 'quaerat-ut-quis-ut-ut', 'Et aut culpa quam tempore minima. Optio aliquam dicta aut sit praesentium officia a. Sed et qui non sapiente fugit. Nesciunt molestiae id dolor veniam.', 'Possimus aspernatur amet non et iste veniam optio. Suscipit neque qui est qui corporis. Doloribus sit veritatis eum eaque explicabo autem. Et quo dignissimos id optio. Vel et non rerum laudantium voluptas. Illo enim delectus magni quas blanditiis eos. Modi harum vel officiis tempore quis ipsum. Quisquam cupiditate deserunt maxime et. Delectus laboriosam et modi repellat modi.', 'DRAFT', 'https://lorempixel.com/1200/400/?28238', '2018-05-29 06:45:33', '2018-05-29 06:45:33'),
(140, 20, 11, 'Numquam repellat tenetur quo est.', 'numquam-repellat-tenetur-quo-est', 'Similique excepturi alias porro non quasi. Cumque dolorem illum et ipsum quibusdam. Consequuntur eos est explicabo illo. Earum autem earum asperiores aut sed aut consectetur.', 'Alias doloremque corrupti quia et voluptatem. Placeat corrupti quis perferendis ea. Numquam dignissimos natus sint consequatur qui. Consequatur inventore ut deleniti alias rerum. Est sunt et autem dignissimos repellat. Perferendis natus et necessitatibus eos. Eum molestiae nemo quis dolor nihil. Similique dolorem voluptatem aperiam dolor qui. Eos ut modi aut dolores soluta dolor. Aut minus quia sit dolores odit exercitationem.', 'PUBLISHED', 'https://lorempixel.com/1200/400/?60829', '2018-05-29 06:45:33', '2018-05-29 06:45:33'),
(141, 3, 6, 'Animi voluptatem in pariatur.', 'animi-voluptatem-in-pariatur', 'Exercitationem mollitia harum sapiente nobis aliquid. Nobis voluptatibus quos et fugiat esse. Exercitationem consequatur totam laborum est impedit vel. Nostrum quae culpa architecto.', 'Eveniet ut tempore distinctio adipisci eum. Consectetur sint deserunt est soluta perspiciatis vero. Suscipit praesentium et rerum dolorum. Id omnis non temporibus optio porro numquam in animi. Eos eligendi est rerum sunt. In qui repellat est eos. Architecto voluptas est beatae nihil dolore. Ea possimus aspernatur exercitationem ab voluptas nobis qui aspernatur.', 'DRAFT', 'https://lorempixel.com/1200/400/?67043', '2018-05-29 06:45:33', '2018-05-29 06:45:33'),
(142, 18, 8, 'Delectus dolor ab rem et facilis.', 'delectus-dolor-ab-rem-et-facilis', 'Laboriosam dolore a eum est sit. Omnis corporis architecto dolor perspiciatis. Possimus non nihil hic porro consequuntur saepe magnam. Praesentium nihil et veritatis qui qui incidunt corporis.', 'Et molestias ut earum commodi. Dolorem dolor animi tempora in hic blanditiis eaque. At dolorum exercitationem modi tempore fuga quasi. Possimus quo rerum delectus. Aliquam autem ad ut ea qui. Omnis velit rem voluptas recusandae doloremque quia. Quibusdam odit dicta et praesentium eos. Repellat fuga sunt reiciendis eligendi deleniti autem et. Est impedit a omnis cum.', 'PUBLISHED', 'https://lorempixel.com/1200/400/?71255', '2018-05-29 06:45:33', '2018-05-29 06:45:33'),
(143, 15, 2, 'Quia non est.', 'quia-non-est', 'Nulla ea illum voluptatem. Velit quae temporibus nihil doloribus aut tempora. Sint ratione rem tempora deleniti sint. Voluptas voluptatem nostrum qui qui.', 'Nesciunt eligendi voluptatem accusamus labore placeat quia delectus. Dolores dolores ut quis at sunt dignissimos. Nulla dignissimos sint reprehenderit mollitia deserunt dolore qui. Maiores culpa dolor debitis a aspernatur laborum sit. Quia suscipit ea voluptas ad dolor quidem excepturi incidunt. Consequatur laboriosam beatae assumenda quasi quas in. Explicabo occaecati dolor consequatur. Non non laudantium quisquam occaecati.', 'PUBLISHED', 'https://lorempixel.com/1200/400/?55892', '2018-05-29 06:45:33', '2018-05-29 06:45:33'),
(144, 15, 9, 'Quia iure maxime autem exercitationem eum.', 'quia-iure-maxime-autem-exercitationem-eum', 'Cum magnam quo perspiciatis commodi. Optio vel rerum culpa odio ipsam quos animi iure. Aut ea aut quia quaerat et veritatis. Incidunt odio amet quis ut natus repellat.', 'Velit soluta hic ratione molestiae. Placeat esse quibusdam qui hic ut impedit a. Temporibus quo illo quia maxime dolore et tenetur. Rerum ipsa laudantium qui nisi sit est unde maxime. Et vel molestias nihil ex illum ut. Veritatis ex qui magnam dolor aut sit voluptatem. Nostrum eius necessitatibus et magni. Fugiat a et id sit quo. Quo doloremque est libero suscipit. Eaque sed omnis itaque blanditiis quibusdam ab.', 'PUBLISHED', 'https://lorempixel.com/1200/400/?18421', '2018-05-29 06:45:33', '2018-05-29 06:45:33'),
(145, 30, 3, 'Vitae quas recusandae vero.', 'vitae-quas-recusandae-vero', 'Voluptatum sunt accusamus corporis sunt ab animi. Deleniti fugit molestiae at quia ex. Fuga expedita consequatur qui aut aspernatur voluptate qui. Est natus debitis nostrum odit.', 'Iure consequatur quo magni ut. Qui nostrum rerum et. Nihil maiores harum alias explicabo sint occaecati itaque. Vel quibusdam dignissimos reprehenderit ipsa impedit nostrum. Harum delectus voluptas est minima dolorem hic distinctio. Est maiores esse et neque quas quam eveniet. Itaque sed illum voluptatem aliquam vitae. Quo totam quaerat natus. Tenetur et provident voluptas assumenda possimus animi. Reiciendis maiores quo odit sit.', 'PUBLISHED', 'https://lorempixel.com/1200/400/?86885', '2018-05-29 06:45:33', '2018-05-29 06:45:33'),
(146, 28, 6, 'Ut repudiandae autem.', 'ut-repudiandae-autem', 'Rerum cumque facere suscipit deleniti qui consequatur et. Dolores vitae est rerum error. Neque libero repellendus aut enim eaque non nulla. Illum omnis enim eum sit minima ut aut illo.', 'Iste dolores assumenda laudantium labore optio. Voluptatem ut nisi dicta consequuntur eos quisquam id. Sequi quidem vitae laborum aliquid laboriosam ipsam. Doloribus dolores neque sed. Et deserunt nihil omnis quisquam sed. Exercitationem nihil quidem libero et qui voluptas est. Illum aut hic aut et. Et sed architecto minus esse nobis hic ut dolor. Laboriosam odio expedita ut sapiente doloremque ut.', 'PUBLISHED', 'https://lorempixel.com/1200/400/?16384', '2018-05-29 06:45:33', '2018-05-29 06:45:33'),
(147, 7, 12, 'Ea eaque sint.', 'ea-eaque-sint', 'Voluptatem id aperiam illo rerum. Ea sequi doloremque ea voluptatibus. Voluptatem voluptate distinctio voluptatibus nesciunt. Quo aut odit eos deserunt.', 'Aut perferendis ut in rerum culpa. Exercitationem aliquid aliquam in est consequatur nulla a error. Atque eum corrupti autem natus consequatur quasi deserunt. Expedita neque eos nisi sapiente odit. Aut cumque aperiam quos sit eum tempora necessitatibus. Reiciendis illum ut placeat deleniti eum. Iure consectetur ut dolor ratione sit. Maxime reiciendis et qui laudantium qui voluptatem quia sit. Id et ab temporibus. Quae autem ad assumenda voluptatem.', 'PUBLISHED', 'https://lorempixel.com/1200/400/?10941', '2018-05-29 06:45:33', '2018-05-29 06:45:33'),
(148, 30, 9, 'Sed itaque veritatis nostrum veritatis quo.', 'sed-itaque-veritatis-nostrum-veritatis-quo', 'Optio repellendus perspiciatis sunt neque. Voluptatum sunt id unde quis quia. Nihil nihil mollitia numquam saepe eaque commodi iure. Et natus voluptatem nulla cupiditate.', 'Non enim porro vitae neque ut totam libero. Nemo ut quis debitis suscipit assumenda natus. Non cupiditate voluptate alias qui expedita maxime et. Totam autem et sit et ut. Dicta est cumque eius eius perspiciatis deserunt eaque dolorem. Omnis mollitia et iusto ea doloribus. Quia totam fuga eveniet. Qui autem minima eos. Sequi dolore non ex aspernatur et quae pariatur. Voluptatem dolor exercitationem voluptatem et.', 'PUBLISHED', 'https://lorempixel.com/1200/400/?52885', '2018-05-29 06:45:33', '2018-05-29 06:45:33'),
(149, 1, 2, 'Qui molestias corrupti veritatis nobis iste.', 'qui-molestias-corrupti-veritatis-nobis-iste', 'Omnis voluptatem quaerat est. Laudantium dolores quaerat velit et animi eius eligendi. Unde et facere ex quo.', 'Et quia id reiciendis ut veritatis. Et laborum et nihil autem. Iure doloribus officiis et vel ipsum dicta eum. Id dolor possimus pariatur eos aut error. Veniam est non ipsum aliquam magnam illo excepturi ea. Qui natus cupiditate enim mollitia laborum et fuga. Voluptas nihil in voluptas itaque dignissimos ex.', 'DRAFT', 'https://lorempixel.com/1200/400/?96767', '2018-05-29 06:45:33', '2018-05-29 06:45:33'),
(150, 5, 9, 'Tempora modi aliquam sed.', 'tempora-modi-aliquam-sed', 'Laboriosam id rerum sit architecto. Id dolore officia quia qui debitis. Nobis laudantium debitis molestiae. Aut quos illum hic rem est.', 'Commodi pariatur voluptatem et dolorum incidunt commodi. Natus autem repellendus quos voluptate non reprehenderit. Quisquam minima deserunt reprehenderit et. Vero sint aut voluptates in. Voluptas reprehenderit expedita quos nisi amet consectetur ipsum. Totam sed voluptatem dignissimos cumque voluptate. Labore et nulla esse non.', 'DRAFT', 'https://lorempixel.com/1200/400/?74588', '2018-05-29 06:45:33', '2018-05-29 06:45:33'),
(151, 7, 15, 'Et quas consectetur.', 'et-quas-consectetur', 'Ullam ea delectus laudantium autem laboriosam. Corrupti ducimus repellat rerum voluptatem ut deserunt rem. Est aut placeat ut consequatur voluptatum qui.', 'Voluptatem et et voluptas. Sapiente sunt natus maiores facere impedit veniam et. Ut quaerat ex repudiandae error sequi. Harum possimus autem molestiae illum cum iusto consequuntur. Sed maxime facere est nulla praesentium voluptas tempore. Nam fuga rerum impedit deserunt sed. Quis necessitatibus aspernatur sed quasi laboriosam. Minus voluptates quia nostrum sed consequatur praesentium saepe.', 'DRAFT', 'https://lorempixel.com/1200/400/?56176', '2018-05-29 06:45:33', '2018-05-29 06:45:33'),
(152, 2, 7, 'Rerum inventore doloribus recusandae.', 'rerum-inventore-doloribus-recusandae', 'Animi eveniet et cum. Cum dolores eveniet voluptas voluptatem eius aliquam soluta ut. Iste repellendus animi enim rem eum ea. Et ut quia odio voluptatem qui dolorem.', 'Asperiores odio quia debitis dolorem aut similique esse vel. Facere doloribus explicabo quia voluptatem numquam illum dolor. Natus harum nostrum facere cupiditate. Error est ea sit quidem quae aliquid magni. Illum nulla sed et consectetur. Atque aut ut odio quod et eos. Possimus nostrum maiores fugiat libero et temporibus cupiditate aliquid. Ea sed ut officiis molestiae labore exercitationem ducimus saepe.', 'PUBLISHED', 'https://lorempixel.com/1200/400/?64869', '2018-05-29 06:45:33', '2018-05-29 06:45:33'),
(153, 6, 18, 'Fugit dolores alias et.', 'fugit-dolores-alias-et', 'Et illo vel eos est debitis aliquam hic. Non quia beatae mollitia autem at nesciunt cum molestias. Sed dignissimos sint voluptatem est molestias. Dolore quibusdam quos nihil error rem nesciunt sint.', 'Provident corrupti in rem maxime voluptatem aut. Ex beatae neque eos alias aut dolor ab itaque. Pariatur inventore quis iste sapiente. Earum explicabo et minima rerum velit. Et officiis enim laborum dignissimos. Aspernatur nihil facere doloribus et repellat assumenda. Minima expedita qui rerum officiis eligendi facilis. Velit vel quaerat animi. Tempore nesciunt sint earum laudantium expedita pariatur dignissimos. Ea et at ut voluptates eveniet consectetur ut.', 'DRAFT', 'https://lorempixel.com/1200/400/?53230', '2018-05-29 06:45:33', '2018-05-29 06:45:33'),
(154, 16, 14, 'Quo minus sunt sequi.', 'quo-minus-sunt-sequi', 'Sed inventore officia nihil eos aut. Earum dolores est quod dolore alias. Perspiciatis quos quis corporis laboriosam nulla itaque tempora.', 'Molestias dolor dicta corrupti officiis. Atque qui minima nulla ipsa perferendis pariatur vero. Perspiciatis quisquam dolorum quidem necessitatibus voluptates sunt. Reiciendis repudiandae dolorem voluptatem accusantium sit voluptatem. Suscipit saepe et eos in. Et aut aut sit quibusdam sequi magni deleniti. Eos quidem soluta et. Non et sit occaecati voluptas et. Dolor rerum commodi qui ducimus. Rerum quam fugit beatae omnis distinctio.', 'DRAFT', 'https://lorempixel.com/1200/400/?54089', '2018-05-29 06:45:34', '2018-05-29 06:45:34'),
(155, 6, 4, 'Sed nostrum optio unde eius ratione.', 'sed-nostrum-optio-unde-eius-ratione', 'Consectetur quaerat et aspernatur et. Nisi earum recusandae et dolorem molestias. Vel est non molestias eaque in magnam sed.', 'Delectus deserunt rerum numquam itaque quia ut qui. Vel velit iure id eligendi sed temporibus accusantium. Numquam consequatur suscipit impedit non in dolores esse. Neque omnis et voluptatem ea. Sunt possimus suscipit est qui sunt. Et sapiente iure distinctio magnam rerum quo culpa. Harum voluptas est nostrum molestiae aliquam odio facere. Qui incidunt molestias perferendis eos sunt.', 'DRAFT', 'https://lorempixel.com/1200/400/?50162', '2018-05-29 06:45:34', '2018-05-29 06:45:34'),
(156, 7, 6, 'Aliquam ut laudantium ut.', 'aliquam-ut-laudantium-ut', 'Sed fugit nobis non at pariatur. Cumque modi ea distinctio enim ipsam molestias sit. Vero voluptas fuga libero nihil assumenda blanditiis eligendi. Voluptatem vel eum et.', 'Molestiae est aut harum quis neque ullam. Voluptatem ad quo porro laudantium id eos distinctio. Reprehenderit aut qui culpa ut. Ratione mollitia explicabo autem animi. Qui excepturi necessitatibus nobis non porro. Laudantium sed minima sit reprehenderit. Rerum dolor deleniti error porro neque officia. Esse aut ab ipsam recusandae nulla. Sit eveniet labore rerum omnis sit molestiae. Qui velit harum sunt. Voluptatem quo beatae et eius vel minus.', 'PUBLISHED', 'https://lorempixel.com/1200/400/?20063', '2018-05-29 06:45:34', '2018-05-29 06:45:34'),
(157, 15, 17, 'Quasi expedita facere.', 'quasi-expedita-facere', 'Voluptas molestias qui numquam modi quisquam molestiae fugit. Nemo rerum praesentium fugit vel voluptatem atque animi eos. Ducimus qui veniam est deserunt et eveniet.', 'Assumenda est fuga iste. Aut praesentium voluptatum laudantium sequi nisi cumque. Tenetur voluptatem suscipit autem reiciendis quasi doloribus voluptatum. Laborum ipsum odit illo aut eos laborum. Dolore aliquam facere dolorem excepturi quia qui consequatur. Voluptas autem vel animi nam. Totam qui voluptas cum explicabo. Et aut deserunt quos quibusdam. Et aspernatur possimus deserunt aperiam et velit. Et et vel distinctio laborum. Optio et sit sed qui dolorem distinctio est.', 'PUBLISHED', 'https://lorempixel.com/1200/400/?67395', '2018-05-29 06:45:34', '2018-05-29 06:45:34'),
(158, 21, 20, 'Sapiente quibusdam non qui tempora quo.', 'sapiente-quibusdam-non-qui-tempora-quo', 'Neque at odio incidunt amet laboriosam iure. Esse adipisci omnis quas sed error voluptatum. Rerum ut quisquam est et vel ipsa deserunt. Ut enim vero tempore. Qui mollitia quo quibusdam laboriosam.', 'Excepturi facere delectus cumque sequi explicabo iure praesentium. Architecto ipsum esse corporis iusto accusamus vero. Suscipit eius rerum esse nam. Earum ipsum impedit nihil consequatur quia incidunt doloribus. Libero qui dolorem error harum ipsa accusamus et voluptatem. Ab quo eos accusantium placeat corrupti reprehenderit. Optio labore id officia vel recusandae magni explicabo. Et voluptatem minima suscipit velit quae non veniam. Pariatur dolores repellendus voluptatum aut voluptas.', 'DRAFT', 'https://lorempixel.com/1200/400/?89760', '2018-05-29 06:45:34', '2018-05-29 06:45:34'),
(159, 27, 4, 'Voluptates iusto fugiat accusamus pariatur.', 'voluptates-iusto-fugiat-accusamus-pariatur', 'Quibusdam beatae voluptate ipsa. Est labore voluptatibus quo tempora consequatur nihil. Et quo illum incidunt quia dignissimos dolorem est. Reprehenderit qui ipsam illo omnis iste voluptate.', 'Nemo nemo aut molestiae quis. Impedit voluptates harum culpa error odio deleniti quia laboriosam. Quis aliquam asperiores doloremque aliquam eos et. Autem ut repudiandae ea in laboriosam est eum. Illo voluptatem voluptatem illo dolor. Nihil iste praesentium voluptatem eaque et assumenda aut. Est in dolorem fugiat autem vel. Hic corrupti ab illum quaerat eaque consectetur tempore. Nam amet ad harum est numquam quaerat vero. Laborum eveniet fugiat autem explicabo.', 'DRAFT', 'https://lorempixel.com/1200/400/?10281', '2018-05-29 06:45:34', '2018-05-29 06:45:34'),
(160, 12, 18, 'Eum repudiandae recusandae minus.', 'eum-repudiandae-recusandae-minus', 'Consectetur dolor temporibus tempore accusantium rem. Magnam cum adipisci omnis. Blanditiis repellat doloremque nostrum praesentium debitis.', 'Nostrum aliquam ratione molestiae iusto ad rem quia. Accusantium consectetur iste facilis veniam enim et optio. Magni praesentium molestiae sequi. Nesciunt repudiandae magnam delectus nihil et. Ex quos quos et dolor sapiente quibusdam. Illum quod voluptatibus suscipit minima labore totam laudantium est. Ad dignissimos blanditiis quis qui dolorem. Odio illum a repudiandae quis aliquam. Exercitationem voluptatem autem molestias molestiae. Reprehenderit quidem nisi nihil voluptatem.', 'DRAFT', 'https://lorempixel.com/1200/400/?40469', '2018-05-29 06:45:34', '2018-05-29 06:45:34'),
(161, 9, 7, 'Deleniti cupiditate totam quae.', 'deleniti-cupiditate-totam-quae', 'Nulla explicabo nemo voluptate cum aut aperiam. Voluptate id id quaerat nam beatae numquam est repellendus. Hic autem omnis amet odit quo eum.', 'Quo asperiores sapiente laudantium dignissimos id sint fuga. Non id autem aut dolore nam molestias inventore. Occaecati quis repellendus harum optio consequuntur dolorum. Voluptatem voluptatum quia recusandae temporibus dolorem quaerat. Eius dolores quo et dolor voluptas nemo corrupti. Voluptatum sapiente sunt assumenda dolorum. Culpa ut expedita laborum est. Fuga autem odit laudantium impedit fugiat. Magnam ea dolores eos totam doloribus. Voluptatem ullam id voluptatem.', 'DRAFT', 'https://lorempixel.com/1200/400/?98882', '2018-05-29 06:45:34', '2018-05-29 06:45:34'),
(162, 5, 10, 'Dolores repudiandae nisi ut velit consequatur.', 'dolores-repudiandae-nisi-ut-velit-consequatur', 'Ad sunt eligendi excepturi. Cumque minima facere sapiente ratione. Esse ea exercitationem voluptatem culpa voluptas. Nisi vero quod expedita sed numquam unde.', 'Voluptatem est inventore omnis tempore eos. Saepe expedita cum pariatur error id. Ipsum voluptas odio iusto quae minima aperiam consectetur voluptatem. Aspernatur cupiditate et doloribus deserunt qui omnis qui. Occaecati et occaecati id voluptas fugit eos. Sunt doloribus aliquid cumque at aliquid. Asperiores repellendus voluptatem aperiam autem nam ut necessitatibus culpa. Fugit sint consequatur consequatur doloribus minima accusantium et. Maxime nulla facilis assumenda eos.', 'PUBLISHED', 'https://lorempixel.com/1200/400/?16300', '2018-05-29 06:45:34', '2018-05-29 06:45:34'),
(163, 28, 3, 'Non quis labore explicabo molestiae est.', 'non-quis-labore-explicabo-molestiae-est', 'Placeat qui sequi animi quo nulla saepe. Enim aut praesentium accusantium illum id repellat itaque. Voluptatem neque expedita et magni. Tenetur asperiores nihil fugit culpa itaque.', 'Qui distinctio est quis cupiditate pariatur qui. Et aut amet nesciunt aperiam voluptatum sed amet. Nemo mollitia iste dolore eum provident. Consequatur enim minima quaerat et aliquam accusantium. Aut delectus in magni. Voluptate nisi ea amet eum ab dicta rem et. Facilis voluptatem eos vel sed cum eveniet sunt illum. Dolores impedit porro veniam placeat dolorem. Dolores et sed labore molestias maiores quia. Ex harum rem incidunt eius et.', 'DRAFT', 'https://lorempixel.com/1200/400/?34074', '2018-05-29 06:45:34', '2018-05-29 06:45:34'),
(164, 27, 19, 'Cupiditate excepturi in vel quam aut.', 'cupiditate-excepturi-in-vel-quam-aut', 'Voluptatem aut ab quo alias et. Eius nihil odit nisi et dolor et quasi. Iure laboriosam quas quisquam ducimus.', 'Sint repudiandae recusandae iusto quae velit excepturi. Et laudantium corrupti non quae numquam. Quo voluptates et illum ad qui. Ex in et fuga sint rerum. Nemo cupiditate maxime et neque aut ut eligendi. Commodi quod aut perspiciatis corrupti amet et.', 'PUBLISHED', 'https://lorempixel.com/1200/400/?40689', '2018-05-29 06:45:34', '2018-05-29 06:45:34'),
(165, 6, 1, 'Iusto rerum voluptatem earum.', 'iusto-rerum-voluptatem-earum', 'Cupiditate odit mollitia sed officia alias beatae est. Molestiae qui labore odit vel quia et. Porro sed minus autem officia omnis sunt doloribus debitis. Qui fugit quia qui animi.', 'Dolor neque dolorum ipsam voluptatum. Aspernatur quas similique dolores libero nemo corporis reiciendis ut. Rem in impedit ut quidem. Rerum voluptas molestiae quibusdam rerum dolorem eos. Omnis eaque reprehenderit aut rerum. Qui sed accusamus in temporibus quia. Totam esse tempore amet non ipsa enim. Fuga molestiae officia earum culpa architecto iusto.', 'PUBLISHED', 'https://lorempixel.com/1200/400/?45966', '2018-05-29 06:45:34', '2018-05-29 06:45:34'),
(166, 11, 9, 'Quia deserunt enim maxime.', 'quia-deserunt-enim-maxime', 'Non reprehenderit et quia tempore. Itaque sit fugiat reprehenderit vitae itaque accusamus. Odio dolorum quia occaecati nam dicta corrupti. Et sunt esse neque sit sequi.', 'Unde officiis a fugiat perferendis illo eos. Quaerat dolorum natus ipsa quo iusto fuga natus. Tempora magni quia voluptate quam quis nihil aut et. Qui dicta a officiis. Eum aliquam quos quae omnis excepturi. Dignissimos ea quis aut voluptatem. Et et dolor voluptate commodi sit cumque. Deserunt qui ut eos eos et. Consequuntur aperiam modi sed nisi. Enim fugit vel ipsum beatae. Natus vel repellat facilis ipsum.', 'DRAFT', 'https://lorempixel.com/1200/400/?26311', '2018-05-29 06:45:34', '2018-05-29 06:45:34'),
(167, 24, 9, 'Cumque nulla sint.', 'cumque-nulla-sint', 'Sunt aperiam et molestiae expedita. Ipsa officia corporis expedita a. Cumque adipisci qui quisquam ducimus voluptate.', 'Laudantium eum voluptas perferendis iure consequatur. Consequatur quasi molestiae sit quia saepe sunt debitis. Quibusdam optio et odit nulla. Nesciunt exercitationem dicta veritatis temporibus vel. Error voluptatum quos dolorum veniam. Ipsam illum quia et corrupti. Cumque et voluptatem et quo minima ad quia. Illo dolorem in quas quia porro officiis.', 'DRAFT', 'https://lorempixel.com/1200/400/?80399', '2018-05-29 06:45:34', '2018-05-29 06:45:34'),
(168, 22, 20, 'Nihil sint quasi velit corporis quos.', 'nihil-sint-quasi-velit-corporis-quos', 'Quia labore et ut sapiente. Quis in illum excepturi ut dolor omnis culpa rerum. Tempore quo voluptatem debitis hic iusto minus.', 'Et nesciunt totam cumque molestiae non. Veritatis qui voluptatem sit dignissimos et et. Ea illo delectus iusto aut ut nesciunt omnis. Beatae recusandae voluptatibus amet placeat vitae odio rerum. Minus ut laboriosam facilis aperiam. Dolor molestiae assumenda voluptatum quas laboriosam et quo. Consequatur cumque magnam qui assumenda. Eius ea et voluptas velit quisquam quas ducimus. Totam ut nesciunt est eum. Unde vitae rerum voluptatem repellendus sunt. Eum dolor fuga eaque sapiente.', 'PUBLISHED', 'https://lorempixel.com/1200/400/?88885', '2018-05-29 06:45:34', '2018-05-29 06:45:34'),
(169, 9, 5, 'Sit laborum id blanditiis numquam.', 'sit-laborum-id-blanditiis-numquam', 'Distinctio molestiae est quod commodi quo. Assumenda et et saepe nam in ut eos. Voluptatem illo aut sit accusantium. Vitae quia cumque perferendis facilis explicabo commodi qui.', 'Cum aliquid nihil repellat excepturi corrupti quia voluptas. Sint earum odit officiis vel. Accusantium soluta velit facere rem tempora delectus omnis. Adipisci in non consequuntur laudantium sunt sed neque. Iusto est fugit tenetur quis minus voluptatem. Non molestias qui illo quis et vero aut nisi. Maiores molestias et pariatur nobis aut deleniti fugiat. Porro blanditiis perspiciatis provident aliquam libero non dolorem. Ex reprehenderit sit alias dolor est expedita.', 'DRAFT', 'https://lorempixel.com/1200/400/?37373', '2018-05-29 06:45:34', '2018-05-29 06:45:34'),
(170, 21, 10, 'Et autem eos officia.', 'et-autem-eos-officia', 'Blanditiis qui omnis accusamus impedit sunt cum. Magnam impedit ad quisquam recusandae. Cumque commodi ea placeat voluptatibus. Quos et aut voluptatem et est labore.', 'Voluptas blanditiis nulla recusandae quia quo. Iure sint et earum est omnis accusantium. Reprehenderit voluptatem sint iusto doloremque velit. Odio deleniti quam omnis enim omnis. Ea et voluptatum sit quae voluptatem qui. Repellat numquam ut maxime amet eum culpa excepturi. Qui sapiente pariatur architecto commodi quae. Ut at repudiandae natus similique eius nihil.', 'DRAFT', 'https://lorempixel.com/1200/400/?65264', '2018-05-29 06:45:34', '2018-05-29 06:45:34'),
(171, 13, 18, 'Qui non et ex.', 'qui-non-et-ex', 'Laboriosam veritatis consectetur natus voluptate. Repudiandae ut et harum id fuga. Saepe eligendi et laudantium est nesciunt corrupti.', 'Architecto sed et suscipit at. Explicabo dolores eos architecto voluptate consequuntur. Eos autem tenetur quo. Rerum ipsum sit sapiente cum. Praesentium adipisci impedit quo tempore et. Dolorem voluptatem quam est est labore ut. Commodi sit et sint modi ex. Adipisci nesciunt est in illum voluptatem eveniet. Ullam sint tenetur excepturi consequatur recusandae. Ea sint exercitationem vero alias dignissimos.', 'PUBLISHED', 'https://lorempixel.com/1200/400/?24529', '2018-05-29 06:45:34', '2018-05-29 06:45:34'),
(172, 24, 18, 'Quis quidem quia.', 'quis-quidem-quia', 'Vitae quisquam nemo autem sequi. Sed accusamus eum excepturi fugiat maxime. Et aperiam et optio alias. Omnis nulla voluptatum eos nam.', 'Aliquid dicta atque earum qui velit nihil impedit. Rerum amet rerum omnis quaerat velit laudantium dicta qui. Iste et aut vitae dolore suscipit non ut. Nam quam repellendus incidunt fugit voluptatem ratione aut est. Dignissimos minima et consectetur ut deserunt. Ut et esse omnis impedit ipsam sit aut. Quis magnam alias eum ea qui dolor.', 'DRAFT', 'https://lorempixel.com/1200/400/?94279', '2018-05-29 06:45:34', '2018-05-29 06:45:34'),
(173, 22, 9, 'Quaerat ipsum est.', 'quaerat-ipsum-est', 'Magnam molestiae beatae sed. Architecto commodi quia assumenda a et. Deserunt quos ut iusto eos. Nihil nostrum sit sit magnam eveniet eos architecto. Debitis laborum qui est modi.', 'Aut quaerat minus error magnam cupiditate tempore fugiat. Voluptate occaecati molestiae vitae excepturi fuga totam doloremque. Ex ullam iusto vitae est dignissimos ut. Eum consectetur voluptatum blanditiis natus et culpa sunt doloremque. Facere optio delectus soluta modi voluptatibus facilis dicta. Repudiandae dolores qui eius assumenda quidem. Reprehenderit accusamus quas est voluptatem. Nisi mollitia et nam magnam. Deserunt quo aliquam reiciendis cum voluptatum.', 'PUBLISHED', 'https://lorempixel.com/1200/400/?35964', '2018-05-29 06:45:34', '2018-05-29 06:45:34'),
(174, 26, 13, 'Atque dignissimos est delectus quia.', 'atque-dignissimos-est-delectus-quia', 'Iusto magnam sit ad quam rerum praesentium illo. Ut incidunt reprehenderit saepe quaerat ipsa possimus aut. Eveniet quis porro eum atque. Exercitationem accusantium totam quae dolores vel qui.', 'Sed cumque omnis magnam porro officia. Ipsum ea animi unde veritatis numquam suscipit nemo. Est eveniet vitae est natus dolorem odio. Repudiandae deserunt maxime doloremque quod voluptas veritatis. Error est dolor architecto dolor quo placeat officia. Hic voluptas sint error maxime sed. Explicabo laborum omnis quo quisquam. Et aut necessitatibus molestiae nihil dignissimos.', 'PUBLISHED', 'https://lorempixel.com/1200/400/?75288', '2018-05-29 06:45:34', '2018-05-29 06:45:34'),
(175, 19, 5, 'Dolorem et omnis amet aut fuga.', 'dolorem-et-omnis-amet-aut-fuga', 'Sit incidunt debitis consequatur et ratione et sit temporibus. Eos sapiente modi consectetur quia. Non quia nesciunt nulla repellendus. Nesciunt quis sed distinctio ipsum eos iste minima aut.', 'Sed modi reiciendis porro et laudantium maiores est. Sed dolorem quasi ad alias accusantium enim laborum eligendi. Exercitationem non velit impedit ut voluptas maxime dolorum. Dolores inventore quia ratione commodi est autem et earum. Qui qui cumque veniam adipisci. Beatae magnam non est velit dolorem ut. Debitis voluptas nam rem voluptas maxime modi. Dolorem quisquam id autem dolores sequi.', 'PUBLISHED', 'https://lorempixel.com/1200/400/?56728', '2018-05-29 06:45:34', '2018-05-29 06:45:34'),
(176, 15, 18, 'Omnis in est minus dolores.', 'omnis-in-est-minus-dolores', 'Earum id est quis quis. Ut est odio accusantium saepe nemo. Exercitationem vel mollitia sit non enim.', 'Asperiores sint corrupti tempore officiis et eum fugit. Voluptatem iure assumenda debitis vero distinctio delectus delectus. Laborum quos modi sit omnis est deleniti. Culpa recusandae dolor et quis iusto sint. Soluta a odit voluptatem amet reprehenderit molestiae. Aut facilis ducimus quae. Alias totam veritatis quo magnam reiciendis. Ullam incidunt ad in ullam sit. Iste delectus nesciunt nobis accusamus ad voluptatum. Minus amet sit consectetur animi esse. Iste sit sint officia vitae.', 'PUBLISHED', 'https://lorempixel.com/1200/400/?81758', '2018-05-29 06:45:34', '2018-05-29 06:45:34'),
(177, 17, 13, 'Quibusdam debitis non iste.', 'quibusdam-debitis-non-iste', 'Consequatur qui repudiandae rerum autem et corporis est quae. Quos error aut ratione beatae ut laudantium. Ea mollitia hic deleniti.', 'Iste dolor exercitationem quia omnis labore. Molestiae et in temporibus earum placeat soluta necessitatibus. Nulla quia et quo veritatis in vero voluptas. Tenetur quis laboriosam voluptatibus commodi ut ut fuga. Quos nulla commodi aut accusantium autem iusto itaque. Est est accusantium ullam temporibus. Facilis eum a est corporis. Sed id omnis quis est quos quam. Voluptatem aspernatur reiciendis quia nihil et reprehenderit. Voluptates repellendus in atque porro nihil id unde.', 'PUBLISHED', 'https://lorempixel.com/1200/400/?49150', '2018-05-29 06:45:34', '2018-05-29 06:45:34'),
(178, 11, 10, 'Repellendus iusto quia repudiandae.', 'repellendus-iusto-quia-repudiandae', 'Laudantium repudiandae nihil illo quia. Deleniti mollitia harum tempora eos. Quo iste ipsum totam quasi placeat perferendis voluptatem. Ea voluptatem est neque praesentium voluptates.', 'Deserunt ut facere aut. Non suscipit fugiat inventore aperiam. Alias voluptas quaerat molestiae accusamus unde. Exercitationem earum iste qui deleniti. Est id amet nam veniam minus. Veritatis qui dignissimos et quod. Aut exercitationem cupiditate odit suscipit. Culpa porro ut aut velit. Eligendi tempora veritatis non eos numquam voluptas ex.', 'DRAFT', 'https://lorempixel.com/1200/400/?39974', '2018-05-29 06:45:34', '2018-05-29 06:45:34'),
(179, 24, 5, 'Et rem labore est harum corrupti.', 'et-rem-labore-est-harum-corrupti', 'Nostrum in at sed quas temporibus sed. Nisi totam necessitatibus mollitia. Iure qui deserunt sed.', 'Accusamus magnam occaecati vitae animi nisi. Dolore consequatur ad omnis culpa expedita ut aut neque. Corporis sint accusantium sit. Dolores quaerat ipsam sit deleniti qui quis. Quas ipsum fugit quis officiis et fuga. Dicta molestiae esse aut. A eos inventore eius corporis. Repellat aperiam voluptatem delectus sunt iure. Exercitationem accusantium est quis alias sapiente eos temporibus. Error ullam sit quia consequuntur voluptatem dolores.', 'DRAFT', 'https://lorempixel.com/1200/400/?18309', '2018-05-29 06:45:34', '2018-05-29 06:45:34'),
(180, 13, 20, 'Explicabo quis non quis.', 'explicabo-quis-non-quis', 'Non harum rerum tenetur tenetur. Sapiente ipsum et beatae dolorem nemo et. Quis qui nulla sunt delectus commodi quos. Voluptatem atque quia ut velit dignissimos perferendis perferendis consequatur.', 'Tempore et et velit. Nesciunt quis culpa illo suscipit aliquam quisquam. Est laborum deserunt neque. Quibusdam amet voluptas et quae. Reprehenderit similique eos non ad ut dolorem libero. Nulla impedit doloremque eum exercitationem corrupti. Doloremque officia eaque iusto. Dolor autem in error et accusantium. Sed ea ut illum repudiandae. Officia officia animi doloremque ut quia. Qui omnis aliquam aspernatur enim minus dignissimos.', 'DRAFT', 'https://lorempixel.com/1200/400/?70985', '2018-05-29 06:45:34', '2018-05-29 06:45:34'),
(181, 8, 16, 'Itaque placeat et accusantium velit.', 'itaque-placeat-et-accusantium-velit', 'Voluptas qui reiciendis quaerat architecto quasi deserunt consectetur. Magnam dignissimos sit atque officia enim. Ipsam odio suscipit accusantium quod natus tempora.', 'Quidem iste consequatur consectetur impedit quaerat aperiam et ea. Non quis id dolor excepturi nam minus velit. Facilis quia rerum corrupti cupiditate veritatis ipsa. Veritatis sed voluptatem dolorum tempora dignissimos et nesciunt. Sint commodi id porro quibusdam nesciunt exercitationem. Velit voluptatem dolorem quasi iure sit sapiente dicta aliquid. Et laboriosam exercitationem veritatis non.', 'PUBLISHED', 'https://lorempixel.com/1200/400/?97656', '2018-05-29 06:45:35', '2018-05-29 06:45:35'),
(182, 12, 1, 'Consequatur repellendus aut.', 'consequatur-repellendus-aut', 'Quidem ipsam ad neque labore ut aut. Alias assumenda eveniet sit eum inventore error ut. Reprehenderit adipisci ut fugit. Perferendis et qui beatae repudiandae minus debitis voluptates.', 'Quia blanditiis quis vitae et beatae. Sed corporis ut natus hic ut quam et. In consequuntur quibusdam expedita sunt tempora eaque. Quaerat eos illo corporis optio quia. Eveniet dolorum quam quas id. Accusamus consequatur totam sit voluptas deleniti qui qui. Quia sit magni ut fuga. Quod veritatis sunt nam et dolor nihil quam. Adipisci quia aspernatur aut voluptatibus soluta est consequatur temporibus. Non aut vero tempore et. Hic quidem maxime atque aut enim et.', 'DRAFT', 'https://lorempixel.com/1200/400/?98689', '2018-05-29 06:45:35', '2018-05-29 06:45:35'),
(183, 5, 2, 'At quisquam ut voluptate.', 'at-quisquam-ut-voluptate', 'Facere alias sunt quis qui neque neque incidunt. Exercitationem in explicabo quia atque quia repellendus. Dignissimos quam et sint eos vel ex. Dolorum totam quia dolorem ut quis.', 'Labore accusantium suscipit omnis nisi dolorem excepturi esse est. Quae est distinctio architecto facere maxime. Est voluptates autem est rerum est provident. Ullam doloremque saepe dolorem deleniti asperiores officiis. Qui nostrum adipisci laboriosam minus ut vel explicabo. Et blanditiis vel eos eum pariatur. Dolore et esse aut tempora. Delectus est quisquam saepe dolor.', 'DRAFT', 'https://lorempixel.com/1200/400/?40347', '2018-05-29 06:45:35', '2018-05-29 06:45:35'),
(184, 1, 10, 'Rem voluptas animi et.', 'rem-voluptas-animi-et', 'Voluptatum quasi et omnis ut dolores voluptatibus dignissimos dolor. Aut asperiores voluptate a dolorum. Mollitia eos aut tempora eos.', 'At molestiae harum neque dolorem repellendus ut. Ut temporibus dolorem cupiditate minima eveniet odio. Voluptatem et consectetur officiis qui qui consequatur. Soluta esse consectetur officia ipsam facilis suscipit fugiat. Pariatur quia et beatae quia cum reprehenderit qui. Dignissimos suscipit deserunt magni et illo reprehenderit rerum quia. Non in et non illum exercitationem.', 'DRAFT', 'https://lorempixel.com/1200/400/?64873', '2018-05-29 06:45:35', '2018-05-29 06:45:35'),
(185, 10, 14, 'Nam rerum doloremque.', 'nam-rerum-doloremque', 'Reiciendis sunt cum mollitia officia atque perferendis hic doloribus. Et ipsam perspiciatis quia ex enim quia.', 'Nisi ullam dolores sunt asperiores ea tenetur mollitia. Vel minima rerum explicabo maxime. Odio blanditiis eos saepe quisquam vel atque voluptatem. Et consequatur aspernatur eaque ea explicabo incidunt debitis. Veniam nihil adipisci et illo odit omnis vel. Error laboriosam omnis qui. Rerum eos velit sit consequatur accusantium molestiae vel.', 'PUBLISHED', 'https://lorempixel.com/1200/400/?50807', '2018-05-29 06:45:35', '2018-05-29 06:45:35'),
(186, 29, 15, 'Ut ut ea fugiat et.', 'ut-ut-ea-fugiat-et', 'Sed non exercitationem esse quia dolores odit. Minima rerum nam omnis. Et sed asperiores et. Sunt aspernatur non alias.', 'Fuga sapiente fugit rerum mollitia ex quis. Ullam veniam quasi labore omnis tenetur voluptatem. Sit praesentium consequatur dolor vel autem sapiente et. Dolor nihil quia ut accusantium ipsa recusandae. Et possimus saepe facilis autem. Commodi ut est repellendus qui voluptatum. Recusandae sed aut alias consequatur iste excepturi tenetur. Cupiditate tenetur necessitatibus molestiae nihil. Aut reprehenderit odit voluptas fuga nisi fugiat. Aut aspernatur ut dolor cupiditate.', 'PUBLISHED', 'https://lorempixel.com/1200/400/?71696', '2018-05-29 06:45:35', '2018-05-29 06:45:35'),
(187, 18, 15, 'Quo quasi repudiandae eveniet reiciendis.', 'quo-quasi-repudiandae-eveniet-reiciendis', 'Vitae est unde rerum adipisci voluptatem. Quae deserunt ipsam sit rerum aut. In quia quibusdam velit harum ut.', 'Sequi sint eum numquam debitis et maiores recusandae. Omnis tempora voluptatem veritatis autem doloribus. Velit reprehenderit consectetur optio optio occaecati. Amet dolorum iste quibusdam impedit voluptas. Nostrum nam qui iste tempora sit eum. Consectetur ratione corporis dolorem dignissimos et quia odio. Rerum dolor minus distinctio error. Nihil nam corporis qui accusantium sed magni asperiores aut.', 'PUBLISHED', 'https://lorempixel.com/1200/400/?78365', '2018-05-29 06:45:35', '2018-05-29 06:45:35'),
(188, 19, 7, 'Corrupti et nihil et.', 'corrupti-et-nihil-et', 'Sequi ullam accusamus architecto officia est adipisci non. Minus consequatur placeat ut fuga animi. Totam voluptatem totam assumenda. Sapiente consequuntur et ab nostrum.', 'Tenetur sapiente corrupti inventore ex aut. Iusto facilis dolorem dolorem aut dolores. Impedit ipsum qui reiciendis praesentium non quo. Enim placeat reiciendis non consequatur nihil. Est esse et in quae quia molestiae atque excepturi. Qui ea est aut ut autem adipisci suscipit.', 'DRAFT', 'https://lorempixel.com/1200/400/?17392', '2018-05-29 06:45:35', '2018-05-29 06:45:35'),
(189, 5, 10, 'Eum sed veniam qui.', 'eum-sed-veniam-qui', 'In consectetur minus voluptatem voluptates. Quibusdam voluptatem ut dolores. In officia alias laborum aut.', 'Et id odit distinctio ab cumque odit. Magni ipsum maiores est quaerat rem velit iusto debitis. Aspernatur dignissimos ea fuga iste hic perspiciatis qui. Sint deserunt consequatur est sint est. In illum atque dolores aut ut consequatur sit. Quia qui praesentium est minus. Necessitatibus perspiciatis saepe vel sit saepe earum similique. Quos quia ullam sed. Vel voluptas impedit explicabo possimus. Dolore ea molestias non quaerat.', 'PUBLISHED', 'https://lorempixel.com/1200/400/?76406', '2018-05-29 06:45:35', '2018-05-29 06:45:35'),
(190, 28, 15, 'In nobis quo nesciunt.', 'in-nobis-quo-nesciunt', 'Amet qui nobis illum quod esse. Vel nisi doloremque voluptas autem labore dolorum. Voluptatem quis sed consectetur velit. Consequuntur excepturi sed id reiciendis quis porro aliquid.', 'Fugit deserunt modi voluptatem. Eaque id nesciunt consequuntur sint doloribus repellendus ipsam. Nihil dolores modi accusantium nulla officia. Aut in dolorem aperiam sit corporis quia. Provident quaerat saepe perspiciatis atque culpa. Et ut explicabo dolor aut quaerat. Ipsum animi exercitationem ipsa nihil aut rerum voluptatibus. Reprehenderit labore ad qui odit architecto.', 'PUBLISHED', 'https://lorempixel.com/1200/400/?62904', '2018-05-29 06:45:35', '2018-05-29 06:45:35'),
(191, 21, 9, 'Quibusdam officia eaque nihil.', 'quibusdam-officia-eaque-nihil', 'Beatae cumque rerum nihil vel iure. Accusantium quisquam inventore autem doloribus qui. Quisquam a enim est atque beatae. Perferendis at harum facilis pariatur aut. Sit nemo dolores iusto voluptas.', 'Ullam aliquam quia ducimus. Porro officia enim itaque aliquam voluptatem culpa enim. Quas aliquam voluptas blanditiis atque. Provident quo deleniti molestiae et dolor nihil. Ab dolorem ipsam velit perferendis. Qui minima voluptatem aspernatur sapiente aut rerum. Et reprehenderit architecto sunt corporis quaerat minima. Sit temporibus alias non in. Totam est earum minima voluptatum sit fuga. Perspiciatis illum quaerat consequatur quisquam. Aut rem ullam eius magnam architecto sunt autem.', 'DRAFT', 'https://lorempixel.com/1200/400/?17801', '2018-05-29 06:45:35', '2018-05-29 06:45:35'),
(192, 19, 6, 'Sed distinctio soluta quis.', 'sed-distinctio-soluta-quis', 'Enim quasi ut ea deserunt odit aliquid. Excepturi quae rem minus aut voluptatem error. Explicabo et accusamus qui recusandae non et. Ut quo non est est nemo.', 'Occaecati dicta sapiente magnam tempore alias aut voluptate. Adipisci labore voluptatem illum temporibus expedita iste. Laboriosam molestias explicabo sint temporibus itaque nulla et. Nemo qui necessitatibus fuga ipsum porro doloremque sint accusantium. Et illum labore officia quo dolor quo voluptatem quibusdam. Velit perferendis commodi aut qui voluptas. Et aut incidunt ad omnis est et illum voluptatum.', 'PUBLISHED', 'https://lorempixel.com/1200/400/?35071', '2018-05-29 06:45:35', '2018-05-29 06:45:35'),
(193, 2, 20, 'Adipisci sapiente eum.', 'adipisci-sapiente-eum', 'Non voluptatum maiores perferendis distinctio. Laborum sit esse doloremque cumque quibusdam.', 'Quas quia explicabo quasi eum consequatur ullam. Tempore doloremque ut itaque. Et nobis exercitationem inventore ut. Explicabo corporis illum incidunt ut voluptas eius. Quisquam minus amet qui repellendus ex omnis. Omnis qui ea est amet. Voluptatem ut quibusdam qui et iste. Ab facere et voluptas sunt cum id et. Veniam quidem autem earum quia voluptate praesentium quia. Veniam minima ea dolores consequatur aliquid.', 'DRAFT', 'https://lorempixel.com/1200/400/?32888', '2018-05-29 06:45:35', '2018-05-29 06:45:35'),
(194, 22, 17, 'Nemo quod maiores.', 'nemo-quod-maiores', 'Eveniet rem blanditiis officiis veniam voluptas qui dolorum. Velit eos odio necessitatibus distinctio. Labore earum ea nihil fugiat neque dolorem atque. Inventore ducimus sed a vel illum asperiores.', 'Est id reprehenderit distinctio incidunt nam a. Et aut odit ut rerum dolorem voluptates. Nostrum quidem est impedit error est excepturi ab. Rem laboriosam aut dolor esse. Qui omnis soluta voluptatem ut quibusdam velit ut. Laudantium excepturi non eius hic ex debitis cupiditate. Eveniet quos repellat adipisci illum recusandae at voluptas ea. Aut ea et illum. Quam ex animi optio ex. Sint tenetur accusantium ex ratione. Corporis ut exercitationem laboriosam pariatur illo saepe rem.', 'DRAFT', 'https://lorempixel.com/1200/400/?66747', '2018-05-29 06:45:35', '2018-05-29 06:45:35'),
(195, 6, 3, 'Voluptatem voluptatem sit et.', 'voluptatem-voluptatem-sit-et', 'Magni asperiores dolores iste. Ratione beatae voluptas tempora eligendi. Nihil hic animi tenetur autem. Sequi nesciunt quibusdam similique. Et aut sit incidunt voluptatibus qui sunt.', 'Blanditiis minima voluptate fugit dolores est ab. Aliquid ut sunt facere dolores est omnis ipsum. Deserunt et qui velit nisi inventore autem beatae. Inventore quia illo eius est illum cupiditate dicta. Ex provident corrupti nisi fuga qui. Sit impedit debitis veritatis quo. Beatae recusandae eos et consequuntur dignissimos qui. Aut voluptatem suscipit reiciendis mollitia vitae. Dolore illo et odit dicta consequuntur quis. Excepturi et cum quis culpa minima.', 'DRAFT', 'https://lorempixel.com/1200/400/?62599', '2018-05-29 06:45:35', '2018-05-29 06:45:35'),
(196, 24, 10, 'Quaerat ea porro voluptatibus veniam.', 'quaerat-ea-porro-voluptatibus-veniam', 'Iure laborum iure expedita architecto laudantium. Qui et ipsa culpa nobis voluptatem soluta soluta ut.', 'Sint maiores a ab voluptas ab cum. Debitis voluptate exercitationem sint velit architecto. Occaecati voluptatem cupiditate facilis ut ullam quia. Blanditiis magnam sunt aut voluptatibus quia modi. Et officia qui rem esse. Odit corrupti aut molestiae quod. Architecto in nihil laboriosam. Est ut voluptatem sint ea. Non suscipit sit quo aut accusantium saepe natus. Provident porro maxime cumque.', 'DRAFT', 'https://lorempixel.com/1200/400/?98475', '2018-05-29 06:45:35', '2018-05-29 06:45:35'),
(197, 27, 4, 'Quasi aut quia.', 'quasi-aut-quia', 'Minima voluptatibus id eius omnis voluptatem. Sed maiores ratione dolorem et debitis. Possimus voluptas perferendis quibusdam autem. Ut qui labore et aut quam.', 'Vel rerum et adipisci sed aut fuga. Beatae suscipit provident blanditiis sit expedita consectetur reiciendis. Modi repellendus iure id et quo rerum. Similique omnis neque placeat porro ratione. Vel error quia blanditiis ratione voluptas. Soluta alias molestias ducimus et est fuga consequatur. Quisquam sed ipsum sint. Totam ut fugit cum sunt sed ipsam quasi.', 'DRAFT', 'https://lorempixel.com/1200/400/?14957', '2018-05-29 06:45:35', '2018-05-29 06:45:35'),
(198, 15, 1, 'Culpa quibusdam quia aut quas.', 'culpa-quibusdam-quia-aut-quas', 'Eligendi ipsa sapiente id numquam officiis impedit corporis. Reprehenderit consequatur perferendis est rem eius. Expedita vitae maxime consequatur cumque nihil iusto.', 'Distinctio doloremque excepturi libero et dolores qui. Eos fuga et sed aliquid. Omnis consequuntur in alias minus ullam qui. Inventore sit praesentium quidem reiciendis nesciunt. Rerum qui sunt iure aut corporis blanditiis ipsam necessitatibus. Debitis rem consequatur id. Molestiae velit at et tempore ea veritatis aperiam. Ullam et non iusto optio id molestiae. Placeat accusamus alias est porro molestiae quia. Eius commodi pariatur magni omnis placeat similique.', 'DRAFT', 'https://lorempixel.com/1200/400/?70915', '2018-05-29 06:45:35', '2018-05-29 06:45:35'),
(199, 9, 11, 'Eveniet omnis voluptatibus eum beatae.', 'eveniet-omnis-voluptatibus-eum-beatae', 'Et sed unde quod qui atque fugit. Voluptas aut dolor voluptatem et et labore placeat. Iste voluptas deleniti quis rem. Molestiae voluptate soluta officiis et.', 'Quo nemo consequatur ratione iusto et. Asperiores aut suscipit enim explicabo. Velit et ipsam similique labore nisi est laboriosam. Magni incidunt beatae aut veniam aut. Blanditiis dolores est officia. Voluptates necessitatibus laborum id autem alias debitis esse voluptatibus. Ut non commodi reiciendis impedit.', 'PUBLISHED', 'https://lorempixel.com/1200/400/?77578', '2018-05-29 06:45:35', '2018-05-29 06:45:35');
INSERT INTO `posts` (`id`, `user_id`, `category_id`, `name`, `slug`, `excerpt`, `body`, `status`, `file`, `created_at`, `updated_at`) VALUES
(200, 15, 12, 'Et quaerat vero quia quisquam sapiente.', 'et-quaerat-vero-quia-quisquam-sapiente', 'Harum et debitis quia magni atque. Consequatur autem libero nihil dicta saepe veritatis est. Quaerat provident quia ut dolores. Nisi et non qui et harum.', 'Qui quis quia et dolor eos mollitia officiis. Quia voluptatem praesentium aut harum quas doloribus quas. Dicta eius natus et ipsam id quibusdam. Omnis molestias incidunt dolor porro tempore libero. Repellat odio aut nihil ut. Mollitia perspiciatis alias quod aut. Illum ut tenetur error eius quasi aspernatur cumque ullam. Unde deserunt voluptatem ducimus sit animi.', 'DRAFT', 'https://lorempixel.com/1200/400/?29793', '2018-05-29 06:45:35', '2018-05-29 06:45:35'),
(201, 6, 9, 'Assumenda cumque ad.', 'assumenda-cumque-ad', 'Dolor qui sequi quia quidem eos quis voluptatem. Adipisci doloremque tempore cupiditate ut consequatur. Enim quia est impedit culpa fugit neque.', 'Quia enim qui voluptas laudantium et voluptatem. Qui consequatur non modi omnis. Molestiae placeat adipisci ipsum cumque. Vel ea ut qui. Et officia molestiae odio est. Iusto sint expedita dignissimos aliquid. Ut facere eos id sit iure ut voluptas. Distinctio facilis reprehenderit consequuntur dicta. Debitis cum facere sunt dolores eum culpa. Consequatur ullam aut doloremque quia omnis minima. Vitae quis delectus suscipit et quia vitae et. Recusandae consequatur ut aspernatur.', 'PUBLISHED', 'https://lorempixel.com/1200/400/?90897', '2018-05-29 06:45:35', '2018-05-29 06:45:35'),
(202, 10, 16, 'Id doloribus et quam.', 'id-doloribus-et-quam', 'Ut et ab quae inventore quo pariatur. In qui quam earum reiciendis.', 'Ullam quas non totam eum officia consequatur et. Nihil quibusdam vel aut. Corporis totam laudantium et et maiores quisquam. Qui sunt qui fugiat error omnis voluptatem. Ipsa corporis sint dignissimos velit voluptatem quis. Officiis impedit tempore tempora sed. Id accusamus sit aut omnis ut veniam aliquam. Et consequatur quia et beatae. Sit nobis id consequatur dolores consequatur soluta autem. Fuga reiciendis enim et dolorem temporibus perferendis.', 'DRAFT', 'https://lorempixel.com/1200/400/?17765', '2018-05-29 06:45:35', '2018-05-29 06:45:35'),
(203, 4, 20, 'Magni tenetur minima hic.', 'magni-tenetur-minima-hic', 'Alias vel distinctio quia. Vel sed molestiae eum explicabo sed ut dolorem. Nam recusandae neque quae fuga voluptas.', 'Corrupti consequatur placeat aut autem. Quibusdam doloremque dignissimos laudantium fugit. Et explicabo distinctio a excepturi voluptatem. Tempora dolorem dolores quas quos ut doloribus. In debitis animi quasi sint et consectetur. Exercitationem quis ut sed ipsum quo aut sint. Quisquam omnis ea architecto culpa. Deleniti ab id iste quis molestiae. Eveniet doloremque deserunt exercitationem quaerat id sequi.', 'PUBLISHED', 'https://lorempixel.com/1200/400/?34537', '2018-05-29 06:45:35', '2018-05-29 06:45:35'),
(204, 3, 6, 'Molestiae facilis et praesentium.', 'molestiae-facilis-et-praesentium', 'Iste blanditiis non consequatur aliquam quos perspiciatis quibusdam delectus. Veniam explicabo at libero corrupti voluptas fuga odit. Repellendus iste maxime ut est fugiat.', 'Sed nisi molestiae voluptatum dolores fuga temporibus. Earum aut similique soluta aperiam voluptatibus omnis nobis. Id dignissimos sequi exercitationem neque. Repellendus quibusdam atque ad et id aut ut. Ut qui atque aut. Voluptas architecto itaque a ipsa. Odio voluptatum quidem ducimus omnis est eveniet qui totam. Assumenda incidunt voluptas sed ipsum hic. Asperiores consequatur adipisci non dolorem nesciunt vel earum. Aut excepturi ea eligendi deleniti similique at.', 'PUBLISHED', 'https://lorempixel.com/1200/400/?42921', '2018-05-29 06:45:35', '2018-05-29 06:45:35'),
(205, 13, 1, 'Laudantium soluta illo veritatis sint.', 'laudantium-soluta-illo-veritatis-sint', 'Aperiam rem qui repellat ullam autem. Sit rerum eos unde in. Maiores nam aut illum quisquam sit quidem impedit ea.', 'Ut expedita occaecati voluptas eum esse. Et molestiae placeat qui blanditiis qui eveniet placeat. Cupiditate facere delectus dolorem voluptatem placeat omnis. Non quam ut molestiae quod praesentium debitis magni. Id quia quidem culpa occaecati cumque nemo. Vero ut voluptates iste rerum ipsam sint alias. Voluptates rerum et deserunt ut saepe velit veritatis dolorem.', 'PUBLISHED', 'https://lorempixel.com/1200/400/?16790', '2018-05-29 06:45:35', '2018-05-29 06:45:35'),
(206, 1, 2, 'Est quas dolores quia aut.', 'est-quas-dolores-quia-aut', 'Laborum cum maiores qui sed velit. Suscipit non consequuntur voluptatem omnis. Quibusdam autem eius quia voluptatem modi amet. Molestias odit aut est reiciendis sit et.', 'Sunt quo repudiandae commodi eius. Est est tempora explicabo. Vel et doloremque at ex facilis facere. Quasi aperiam cupiditate repellendus dolore ad. Nostrum autem aspernatur illum placeat. Quisquam deserunt velit neque vel quidem vel illo. Vero iusto animi vel corrupti excepturi dolor voluptatem tempore. Aut voluptas eveniet magnam iure provident provident.', 'PUBLISHED', 'https://lorempixel.com/1200/400/?85483', '2018-05-29 06:45:35', '2018-05-29 06:45:35'),
(207, 13, 13, 'Ut et enim eius.', 'ut-et-enim-eius', 'Quae modi optio ipsa et consequuntur corporis consequatur. Labore nihil minima qui consequuntur. Sit provident error dolor quia. Dignissimos magni quia id vel id.', 'Iste et aliquid quisquam ut. Non accusamus iure excepturi autem dignissimos ullam. Ea reprehenderit sit vero libero. Quas aliquam qui perferendis dolores fugiat. Est repudiandae vero architecto rerum aut quasi ea. Placeat fuga cupiditate ullam enim nemo et dolorum. Quis debitis repellendus eaque nostrum nam at. At quod voluptates dolores impedit. Enim enim ut voluptates et possimus blanditiis et eaque.', 'DRAFT', 'https://lorempixel.com/1200/400/?60924', '2018-05-29 06:45:35', '2018-05-29 06:45:35'),
(208, 11, 9, 'Ullam sapiente et voluptate exercitationem.', 'ullam-sapiente-et-voluptate-exercitationem', 'Omnis quaerat maxime vel neque et ad quis. Dolor accusantium et quo debitis voluptatem. Reiciendis consequuntur dolorem repudiandae et reprehenderit nemo.', 'Laudantium sed architecto cupiditate facere numquam culpa magnam sed. Unde officiis repudiandae dolorem at mollitia quaerat doloremque. Corrupti atque ut sunt et explicabo. Hic est placeat ut debitis assumenda rem impedit. Soluta est autem accusantium corporis deleniti pariatur quibusdam. Veritatis qui in sed excepturi. Inventore et aliquam non sint et. At eum eius et rem a dolor. Eos odio nobis reiciendis accusantium. Tempore est voluptatem ut.', 'PUBLISHED', 'https://lorempixel.com/1200/400/?65855', '2018-05-29 06:45:35', '2018-05-29 06:45:35'),
(209, 18, 2, 'Consectetur tenetur rerum autem.', 'consectetur-tenetur-rerum-autem', 'Dolorum ad adipisci vel est et assumenda. Ad modi sit voluptas quis repudiandae. Et natus eveniet ut architecto.', 'Voluptatem laborum laborum omnis quia quis labore assumenda perferendis. Dolores deserunt optio nihil velit nisi modi enim fugit. Et tempore voluptas qui reprehenderit. Aut quaerat quibusdam rem occaecati repellendus animi rem. Qui quidem est pariatur consequatur. Sit ea et aut ullam occaecati. Voluptate ullam deleniti accusantium voluptatem eum enim. Est est eveniet dolorem. Optio et qui explicabo consequatur ut. Reiciendis quibusdam illum a sed.', 'PUBLISHED', 'https://lorempixel.com/1200/400/?40914', '2018-05-29 06:45:35', '2018-05-29 06:45:35'),
(210, 8, 16, 'Cumque officia enim quasi animi.', 'cumque-officia-enim-quasi-animi', 'Repellendus non sit sint. Hic et enim consequatur in voluptatem hic. Odio corrupti quibusdam laboriosam eos ut quis et.', 'Quasi nobis nam sunt ullam mollitia laudantium dolorem. Et blanditiis aut voluptates soluta non sed. Aut unde rerum expedita explicabo dolore. Amet repudiandae dicta omnis eligendi unde id dolor. Maiores maiores voluptas recusandae deleniti. Et voluptates enim provident dolorem est esse. Eum repellendus atque distinctio ipsum sint nam autem. Sit provident dignissimos aliquid eligendi distinctio est. Voluptates quo sapiente enim quo ut debitis.', 'PUBLISHED', 'https://lorempixel.com/1200/400/?43088', '2018-05-29 06:45:36', '2018-05-29 06:45:36'),
(211, 6, 1, 'Ut molestiae perspiciatis aut.', 'ut-molestiae-perspiciatis-aut', 'Eum sit ex dolore eos voluptatum magni a. Aut beatae et atque consequatur. Voluptatem asperiores est necessitatibus mollitia tempore impedit.', 'A est accusamus vel recusandae et atque maiores. Molestiae quo aut libero laboriosam incidunt. Enim odit vel quas nesciunt sed ad quod. Est magnam aut magnam aut sequi accusantium qui. Ex repellendus architecto in repellendus. Ea dolorum quo quia atque qui. Ut exercitationem fugit est voluptas. Aut ut ut quaerat aliquam qui. Dolore a aut est laboriosam ullam. Doloribus sed officiis recusandae velit. Earum sed provident et.', 'PUBLISHED', 'https://lorempixel.com/1200/400/?35137', '2018-05-29 06:45:36', '2018-05-29 06:45:36'),
(212, 8, 2, 'Ullam sint in aut sequi.', 'ullam-sint-in-aut-sequi', 'Nihil sit rerum quis laboriosam voluptatum accusantium. Consectetur blanditiis error est. Hic a fuga deleniti earum sit.', 'Omnis distinctio est sapiente inventore et. Ipsum eos laboriosam sed velit quia sed eum sit. Et cupiditate voluptatem tenetur sint dolore nemo. Suscipit rerum esse enim expedita ea nemo neque. Maxime nesciunt expedita aliquid impedit. Nihil vitae laboriosam exercitationem velit molestiae est natus eveniet. Enim aperiam cupiditate quo suscipit nihil veniam aperiam. Minus sed aut quo est error repellat praesentium. Enim sed exercitationem sapiente ullam officia ipsa.', 'DRAFT', 'https://lorempixel.com/1200/400/?97024', '2018-05-29 06:45:36', '2018-05-29 06:45:36'),
(213, 7, 15, 'Officia dignissimos aspernatur.', 'officia-dignissimos-aspernatur', 'Tenetur fuga accusantium qui et ut. Expedita voluptatibus doloribus vero voluptatem cupiditate. Quia dolor repellendus ut qui molestias ex.', 'Molestias quo laborum voluptatibus eum et aut. Repellat aspernatur totam eum quos. Inventore dicta et et illo. Facilis beatae laborum unde doloremque vel. Dolor et delectus et hic. Porro quia fuga sint aliquam. Delectus nobis et quis debitis voluptates. Harum inventore quo qui qui corporis. Excepturi debitis sed cupiditate aut excepturi. Omnis est corrupti sit odit. Earum et ipsam et dolorum quasi ea.', 'PUBLISHED', 'https://lorempixel.com/1200/400/?64272', '2018-05-29 06:45:36', '2018-05-29 06:45:36'),
(214, 3, 10, 'Corrupti natus autem soluta.', 'corrupti-natus-autem-soluta', 'Voluptas laudantium inventore sint. Est eius sunt voluptatem dolorem. Temporibus aut nesciunt ad in harum.', 'Vitae occaecati voluptas quaerat quasi ad odio. Occaecati repellendus ad non et aperiam. Molestias non aut asperiores tempore nulla aut. Consequatur expedita et fugiat rerum est. Odio qui reprehenderit et velit consequatur in. Praesentium et sapiente eos non vitae. Mollitia sit qui eum eaque. Eaque voluptatem temporibus nemo aut qui eum. Eligendi corrupti ea qui quas voluptatem. Possimus voluptate rerum voluptas sed. Voluptatem incidunt ea vero aut.', 'DRAFT', 'https://lorempixel.com/1200/400/?79776', '2018-05-29 06:45:36', '2018-05-29 06:45:36'),
(215, 8, 12, 'Beatae ea nulla dolorem voluptatum.', 'beatae-ea-nulla-dolorem-voluptatum', 'Debitis ut id quis dolor consequatur. Nam consequatur dicta sed id nulla sed qui ea. Doloribus provident est aut hic eligendi. Eos quo cumque voluptatem voluptas impedit aut.', 'Quia voluptatem perspiciatis commodi fugit aspernatur autem nostrum qui. Aut est inventore provident dolorem voluptates. Quis labore suscipit est. Blanditiis sunt voluptates repellendus et aut. Temporibus ipsam accusantium neque voluptatem ut. Et perferendis recusandae quo quia in expedita sed. Soluta quo consequatur et recusandae. Voluptatem sapiente laboriosam odit rerum aut aspernatur at animi. Nihil rerum minus voluptates dolor sunt eos non et.', 'PUBLISHED', 'https://lorempixel.com/1200/400/?58805', '2018-05-29 06:45:36', '2018-05-29 06:45:36'),
(216, 3, 9, 'Rerum aut harum eos.', 'rerum-aut-harum-eos', 'Ad consectetur voluptatum facere alias. Dolores aliquam sed molestiae quo libero possimus. Culpa est quibusdam repellendus consequuntur consequatur dolorem.', 'Vel provident quasi qui adipisci. Ut delectus voluptas asperiores exercitationem ut aut. Voluptatum ea reiciendis incidunt consectetur voluptatem temporibus autem sunt. Distinctio exercitationem beatae ut eaque. Rem qui qui sint et voluptatem. Vel officiis repellat et fugiat. Ipsum excepturi architecto neque est. Rerum quae ut voluptate ut consequatur consequatur nostrum fugiat.', 'PUBLISHED', 'https://lorempixel.com/1200/400/?14006', '2018-05-29 06:45:36', '2018-05-29 06:45:36'),
(217, 30, 9, 'Maxime animi vitae dolor voluptas.', 'maxime-animi-vitae-dolor-voluptas', 'Architecto aut consequatur non architecto. Totam autem sed sunt incidunt ut voluptatibus itaque. Molestiae magnam provident praesentium repudiandae. Numquam deserunt impedit soluta in dolore dolor.', 'Error quod ipsa sit nulla ea. Voluptas est non nostrum rerum ea dolores. Qui voluptate nobis delectus dolorem eos dolorum nihil numquam. Eligendi sit quas aliquam. Labore ducimus optio eum et consequatur. Alias sed aliquid cumque. Itaque officia itaque est nihil perferendis. Exercitationem facilis quaerat at. Sed ab voluptatem et vel natus numquam. Voluptatibus corporis ipsa qui. Deleniti explicabo rem voluptatem et deserunt sit aut. Aut commodi ea hic rerum a occaecati ea.', 'PUBLISHED', 'https://lorempixel.com/1200/400/?95365', '2018-05-29 06:45:36', '2018-05-29 06:45:36'),
(218, 7, 3, 'Eligendi sed impedit aut neque iusto.', 'eligendi-sed-impedit-aut-neque-iusto', 'Cum quidem nisi quisquam laborum qui. Neque illum sint quidem animi repudiandae et numquam. Quisquam quia rerum et optio non quia.', 'Ad consequuntur ut quas. Et qui est ratione officiis expedita iusto ut quia. Et aut accusamus molestiae recusandae incidunt inventore. Ea maxime consequuntur placeat sapiente nostrum eum aut. Eaque reiciendis consequatur accusantium blanditiis debitis velit. Quis soluta laudantium atque odio neque harum. Maxime ut dignissimos nulla id et. Sapiente vitae ab necessitatibus occaecati tempora voluptas.', 'DRAFT', 'https://lorempixel.com/1200/400/?24893', '2018-05-29 06:45:36', '2018-05-29 06:45:36'),
(219, 11, 7, 'Ratione mollitia aliquid.', 'ratione-mollitia-aliquid', 'Similique itaque architecto hic eos quas. Porro deserunt omnis qui accusantium ullam est modi. Et deserunt natus voluptatem. Dolor consequatur nemo explicabo qui architecto.', 'Cupiditate non et nobis natus harum perspiciatis. Architecto nisi optio qui eos commodi temporibus. Et quasi sapiente porro quia nulla. Qui delectus non maxime ratione qui dolorem. Et ut itaque neque cum. Odit beatae ratione est aperiam. Iure atque quam minus sit natus dolore eaque. Pariatur doloremque unde dolor enim eius voluptatem. Commodi unde nulla perferendis. Cum quia quibusdam porro cupiditate voluptatem.', 'PUBLISHED', 'https://lorempixel.com/1200/400/?17040', '2018-05-29 06:45:36', '2018-05-29 06:45:36'),
(220, 12, 16, 'Pariatur est dolorem nesciunt consectetur.', 'pariatur-est-dolorem-nesciunt-consectetur', 'Dolorem consequuntur incidunt atque sit. Corrupti sed magnam veritatis veritatis cum ut fuga.', 'Voluptas facere commodi amet. Doloremque dolorem labore maiores sit minus dolor. Qui consequatur sed aliquid. Eum quisquam eos culpa natus. Fugit officiis et autem dicta et officiis. Distinctio repellendus quisquam aspernatur dignissimos corporis quaerat eum. Nihil possimus hic consequatur similique corrupti ut. Quia sit fugiat quam quidem quis et est ea. Ut qui explicabo ducimus.', 'DRAFT', 'https://lorempixel.com/1200/400/?25674', '2018-05-29 06:45:36', '2018-05-29 06:45:36'),
(221, 10, 9, 'Quaerat aut placeat facere expedita.', 'quaerat-aut-placeat-facere-expedita', 'Amet reiciendis doloribus mollitia esse tempore nulla iure. Eligendi id quis qui ut magnam sequi veritatis. Qui delectus sapiente aut aut delectus maxime. Eum amet tenetur saepe sunt earum et qui.', 'Architecto et ipsa corrupti esse voluptatibus eum. Et voluptatem ad libero ullam. Rerum sint et ipsa similique molestiae deleniti similique consectetur. Voluptates veritatis sint inventore culpa ipsam commodi pariatur qui. Non molestiae eos occaecati aut sint. Dolorum eveniet consequatur sapiente placeat. Voluptatum consequatur ut sed hic et non. Natus in iste sint blanditiis nisi sint.', 'PUBLISHED', 'https://lorempixel.com/1200/400/?48322', '2018-05-29 06:45:36', '2018-05-29 06:45:36'),
(222, 27, 15, 'Sed et quae.', 'sed-et-quae', 'Et nemo quidem repellendus placeat ea. Cum consequatur voluptatem illum qui illo facere. Aut sint aliquid saepe veniam ut dignissimos enim unde. Assumenda voluptates tenetur omnis ipsa quam amet et.', 'Sapiente est incidunt tenetur molestias eos a sint. Maxime at quis reprehenderit culpa. Labore sint iure quos vitae et delectus illo ab. Libero laboriosam quidem cum et asperiores voluptatem. Et quae omnis nam quia et tempore quidem reprehenderit. Et vel amet veniam similique minima aut ab. Et aliquam quia eum sunt. Praesentium repellendus accusamus saepe recusandae.', 'PUBLISHED', 'https://lorempixel.com/1200/400/?53108', '2018-05-29 06:45:36', '2018-05-29 06:45:36'),
(223, 2, 5, 'Sunt qui voluptate ut aut fugit.', 'sunt-qui-voluptate-ut-aut-fugit', 'Autem est ea reiciendis dolor dolore totam. Quo tempora corrupti nam eligendi debitis veritatis. Odit alias quia sed quae optio.', 'Omnis nam eos ducimus aperiam voluptatem. Molestiae aperiam autem optio iusto enim officia. Eaque aspernatur et dolorem labore aut. Velit expedita qui qui distinctio. Aspernatur sit et facere possimus ut est saepe. Ducimus corrupti suscipit rerum sed tempore impedit quae debitis. Et ut praesentium quasi iste eum error dicta. Consectetur quia in voluptatibus exercitationem. Repudiandae veritatis qui eos atque quia aut.', 'PUBLISHED', 'https://lorempixel.com/1200/400/?92144', '2018-05-29 06:45:36', '2018-05-29 06:45:36'),
(224, 5, 13, 'Maiores alias iusto aut veritatis.', 'maiores-alias-iusto-aut-veritatis', 'Fugiat qui amet dolores aliquam iste voluptas voluptas. Ipsum veritatis quo odit pariatur fugit et. Et vel molestias sapiente minus temporibus.', 'Commodi illum et ad dolore consectetur. Quas cumque reiciendis delectus. Suscipit explicabo qui exercitationem sunt. Perferendis sed pariatur perspiciatis rem dolores aperiam laudantium. Eligendi voluptatem incidunt aut exercitationem reprehenderit cumque excepturi et. Vel et in sit in libero. Quas sit est quis modi. Dolorem ut eveniet voluptatem aliquid dolorem voluptatem quia. Veritatis dignissimos sit eligendi dolores est vel eaque totam. Asperiores quisquam excepturi ratione aut qui non.', 'PUBLISHED', 'https://lorempixel.com/1200/400/?69326', '2018-05-29 06:45:36', '2018-05-29 06:45:36'),
(225, 9, 9, 'Quisquam illum explicabo.', 'quisquam-illum-explicabo', 'Temporibus dolorem quas sequi provident voluptates molestias voluptatibus dolores. Expedita et porro perferendis molestiae aspernatur quos. Ratione debitis rerum nihil fuga ut odit eaque.', 'Aut rerum ab harum doloremque. Optio porro qui dolore saepe et et dignissimos. Dolore et rem ipsum est ipsum quod beatae. Sunt rerum ut mollitia dolorem. Esse placeat amet tenetur placeat assumenda aut. Cum porro ratione minima aut. Maxime sunt et saepe inventore voluptates iure eum fugiat. Iure debitis illo et aut error.', 'PUBLISHED', 'https://lorempixel.com/1200/400/?14229', '2018-05-29 06:45:36', '2018-05-29 06:45:36'),
(226, 13, 10, 'Voluptate voluptates est quidem dignissimos aut.', 'voluptate-voluptates-est-quidem-dignissimos-aut', 'Quia eos cupiditate molestiae debitis voluptas minus mollitia hic. Excepturi nisi porro ullam neque quam. Qui quasi inventore repellendus repellendus ad fugiat.', 'Enim nostrum quibusdam neque nihil perspiciatis. Ut natus vitae aspernatur sequi magnam reiciendis. Molestiae alias commodi consequuntur omnis quia alias placeat. Illum adipisci et voluptas molestiae. Quia molestiae fugit officiis odit accusantium omnis. Sit mollitia consequatur voluptatibus.', 'PUBLISHED', 'https://lorempixel.com/1200/400/?62061', '2018-05-29 06:45:36', '2018-05-29 06:45:36'),
(227, 14, 14, 'Dolorem ut vel reprehenderit.', 'dolorem-ut-vel-reprehenderit', 'Repellendus ut cupiditate voluptatem quis placeat rerum voluptatem. Ducimus ut qui quia voluptate. Sit aliquam animi quos vel.', 'Qui omnis non officia praesentium ducimus. Ad amet ut quis veniam. Velit id velit cum rerum. Rerum inventore eum velit molestias eligendi dolor eligendi. Reiciendis nesciunt doloremque ducimus odit esse et nesciunt voluptas. Et laudantium nihil est voluptatem nesciunt eligendi. Quia molestias corrupti iste ut. Sit adipisci porro dignissimos. Quia neque iste ad possimus deleniti dolor.', 'PUBLISHED', 'https://lorempixel.com/1200/400/?50826', '2018-05-29 06:45:36', '2018-05-29 06:45:36'),
(228, 17, 14, 'Deserunt sequi et excepturi odio.', 'deserunt-sequi-et-excepturi-odio', 'Ut soluta quam porro quo fugiat ab neque. Voluptatem maxime molestiae nisi. Sit recusandae eligendi omnis dolorem libero facere voluptatum.', 'Inventore sed consequuntur occaecati in hic velit voluptatibus. Consequatur et dolorum non nesciunt. Doloribus neque soluta exercitationem. Itaque quas nobis quia eveniet aut. Non natus qui quidem veniam. Accusamus et et ipsam quos et. Corporis commodi veritatis et blanditiis ratione ducimus ducimus. Nesciunt repellat placeat perspiciatis ipsa sed sint possimus.', 'PUBLISHED', 'https://lorempixel.com/1200/400/?33077', '2018-05-29 06:45:36', '2018-05-29 06:45:36'),
(229, 12, 13, 'Placeat maxime ea ut.', 'placeat-maxime-ea-ut', 'Omnis et eos esse necessitatibus et. Est eum ea illum ab. Voluptatum aut rerum et accusamus recusandae dolor. Aut necessitatibus facilis ipsam et similique ullam amet.', 'Occaecati ut quod optio voluptatum ipsa magni nostrum. Impedit non laborum reprehenderit id magni placeat quam. Ut consequatur recusandae ex sit porro ea. Atque et ut sit consequatur. Vero eos neque necessitatibus quo et soluta voluptas. Amet velit sint officia cumque aperiam. Itaque dignissimos iste quis occaecati et. Assumenda sed est accusamus voluptatem non et laudantium.', 'PUBLISHED', 'https://lorempixel.com/1200/400/?44026', '2018-05-29 06:45:36', '2018-05-29 06:45:36'),
(230, 6, 13, 'Iusto voluptatem non esse quis.', 'iusto-voluptatem-non-esse-quis', 'A aperiam et excepturi repellat et. Minima inventore sed quo sed. Et temporibus necessitatibus non fuga voluptatem nihil.', 'Non consequatur consectetur voluptatum quia et ut explicabo. Unde placeat vel qui quasi aliquid sit. Molestiae culpa voluptatem quia ducimus iste. Dolorem tempora pariatur voluptates vitae rerum. Explicabo et ea laudantium in non iure. Dolor eos alias accusantium non atque et tenetur. Minus voluptatem distinctio magnam harum. Quasi inventore molestiae nihil eos fugit. Ipsam et modi et nostrum corrupti sint. Perspiciatis repellendus ratione placeat vero et nam saepe. Nobis sit eum ipsum facilis.', 'PUBLISHED', 'https://lorempixel.com/1200/400/?61701', '2018-05-29 06:45:36', '2018-05-29 06:45:36'),
(231, 6, 6, 'Et ipsam qui quos.', 'et-ipsam-qui-quos', 'Laboriosam nam doloremque tenetur inventore in. Vitae ut aspernatur libero quo dolores maiores quis voluptatibus. Voluptatibus et recusandae ex porro culpa qui recusandae.', 'Nesciunt earum excepturi dignissimos et qui. Quaerat occaecati neque perspiciatis debitis rerum neque itaque. Repellendus exercitationem dolor quis illum. Magnam consequatur voluptatem eum vitae. Adipisci sit sit eligendi aut. Quibusdam repellendus quisquam officiis molestiae optio consequuntur ea. Nemo accusantium laboriosam voluptatem eum. Neque nesciunt aut odio.', 'PUBLISHED', 'https://lorempixel.com/1200/400/?94222', '2018-05-29 06:45:36', '2018-05-29 06:45:36'),
(232, 3, 4, 'Ipsum dolores reiciendis est.', 'ipsum-dolores-reiciendis-est', 'Debitis et tenetur atque non tempora. Optio perferendis consequatur quae quis sint tempore corporis. Illum et quia voluptas nulla et.', 'Eum natus sequi sequi accusantium facilis nostrum doloremque consequatur. Est est reprehenderit commodi. Unde et eligendi unde veritatis veniam nihil. Quia dolor corrupti temporibus officiis necessitatibus. Aliquam enim explicabo libero. Reprehenderit quis aut perspiciatis ipsum sed aut. Ut sed eum reprehenderit sunt velit. Laudantium qui aliquam in. Nihil odio nesciunt est qui ipsum voluptatem minima voluptatum. Inventore fugit qui ut quis.', 'DRAFT', 'https://lorempixel.com/1200/400/?10302', '2018-05-29 06:45:36', '2018-05-29 06:45:36'),
(233, 21, 6, 'Officia maxime voluptates.', 'officia-maxime-voluptates', 'Doloribus rem et et. Atque quae et id ratione. Cupiditate ut saepe ipsa culpa et.', 'Rerum enim aut ipsa rerum corporis minus. Mollitia similique ipsam doloribus et impedit velit. Quibusdam quaerat ut voluptatem reiciendis. Sapiente eos cumque qui culpa. Rem ipsam provident in autem. Ut et sequi iste id. Eum omnis error et id. Debitis ut eaque ab harum sit reprehenderit deleniti. Dolorum corporis magnam eius ipsam aut. Voluptate minima alias hic ad omnis et. Maxime omnis sint aliquam eius rerum. Rem iusto nemo ratione ipsum aut.', 'PUBLISHED', 'https://lorempixel.com/1200/400/?26592', '2018-05-29 06:45:36', '2018-05-29 06:45:36'),
(234, 9, 1, 'Incidunt voluptatem harum cupiditate.', 'incidunt-voluptatem-harum-cupiditate', 'Ducimus accusantium mollitia sunt. Quam praesentium et eius numquam quo in aut. Odit ut quis fugit. Veniam et consequatur dignissimos culpa.', 'Ut hic ab itaque. Accusantium nam et consequatur sequi incidunt enim distinctio. Rerum earum sunt aut quis. Accusantium ut nostrum et qui et est cum. Rerum perspiciatis maxime molestiae aperiam molestias blanditiis et. Aliquid non quia dicta placeat. Aut culpa vel perferendis quia culpa. Explicabo libero magnam sit aut vel. Voluptates sint illum tenetur veniam sit. Provident molestias voluptatum modi sed. Ad quis est aspernatur harum quia.', 'DRAFT', 'https://lorempixel.com/1200/400/?72189', '2018-05-29 06:45:36', '2018-05-29 06:45:36'),
(235, 18, 14, 'Alias voluptates in eos in perferendis.', 'alias-voluptates-in-eos-in-perferendis', 'Praesentium soluta quaerat ut odio. Sed voluptatem quo commodi aperiam. Deserunt iste voluptas est magni.', 'Aliquam omnis quia qui. Aut distinctio architecto dolores qui delectus architecto. Aliquam pariatur quasi eligendi minus dolorem vero. Quod ex voluptatem illum et voluptatem aut. Eum ipsum beatae sed. Culpa vel iusto eaque debitis maxime. Quod et maiores et et blanditiis voluptatibus. Inventore magni sed voluptatibus doloremque incidunt voluptas. Vero tempore eveniet provident quis quo sed et. Consequatur praesentium est in est praesentium iusto.', 'DRAFT', 'https://lorempixel.com/1200/400/?46619', '2018-05-29 06:45:36', '2018-05-29 06:45:36'),
(236, 25, 18, 'Cumque aliquid vel asperiores pariatur.', 'cumque-aliquid-vel-asperiores-pariatur', 'Est harum voluptas atque qui animi eos voluptas. Vel aspernatur rem consequatur similique laborum nulla dolores velit. Qui vero quaerat quae ut eum.', 'Molestiae dolores sit id totam et. Consequatur quaerat dolores tenetur deleniti error rerum eveniet voluptas. Similique rerum rerum aperiam quae. Qui nisi voluptatem aliquid veritatis. Qui doloribus soluta minus et aut eum. Dolores sunt beatae quos sit sunt veritatis ipsam. Nisi eum unde dolore. Et pariatur sit non quos et et.', 'DRAFT', 'https://lorempixel.com/1200/400/?55835', '2018-05-29 06:45:36', '2018-05-29 06:45:36'),
(237, 3, 14, 'Ipsam deserunt nostrum.', 'ipsam-deserunt-nostrum', 'Ut debitis aliquid sint necessitatibus totam aut minus. Excepturi velit adipisci a corrupti commodi temporibus sed. Quo tenetur et et omnis.', 'Et tempore labore aut officia voluptatem nobis. In facere natus sed soluta consequatur. Quos et doloribus inventore vitae doloremque. Qui magni provident labore vel. Deleniti enim odit pariatur sequi hic. Quas eum et est ad quas aut cupiditate. Est voluptatem est nemo ea eligendi. Et numquam perspiciatis totam et aut voluptas. Dignissimos quia id et itaque possimus. Hic aut numquam voluptates deleniti.', 'DRAFT', 'https://lorempixel.com/1200/400/?11950', '2018-05-29 06:45:36', '2018-05-29 06:45:36'),
(238, 19, 3, 'Ut exercitationem corrupti ut qui.', 'ut-exercitationem-corrupti-ut-qui', 'Blanditiis et vitae esse et vitae repellat et. Culpa et modi perferendis placeat odio. Aut est iste voluptatem.', 'Est animi et temporibus blanditiis amet eligendi ea. Laudantium similique corporis assumenda qui ut quia ut. Cumque perferendis nihil dignissimos qui impedit aut. Vel quia et qui dicta consequatur. Odio occaecati aut quaerat atque deserunt. Quibusdam sint modi neque omnis error doloremque. Eligendi provident consequatur iusto et aut dolores doloribus.', 'PUBLISHED', 'https://lorempixel.com/1200/400/?93420', '2018-05-29 06:45:37', '2018-05-29 06:45:37'),
(239, 28, 16, 'Omnis ab fugiat quasi rerum.', 'omnis-ab-fugiat-quasi-rerum', 'Eius molestiae illo ipsum perferendis sint ut. Rerum quia qui in qui. Et et nihil sint et.', 'Eum dolores numquam magni eum temporibus nemo dolorum optio. Laboriosam ipsam culpa sit voluptatem assumenda labore. Est repellendus quas dolor voluptas consequatur dolores dolores. Ut culpa non sequi eveniet. Inventore nostrum ut sapiente aliquid laboriosam tempora ipsa facere. Eum tempora asperiores voluptatem similique voluptatem. Sed rerum voluptatibus ipsum ipsa. Reiciendis aliquid ipsa sapiente voluptas nemo.', 'DRAFT', 'https://lorempixel.com/1200/400/?81529', '2018-05-29 06:45:37', '2018-05-29 06:45:37'),
(240, 23, 5, 'Repellendus ad est quo veniam.', 'repellendus-ad-est-quo-veniam', 'Nam tenetur occaecati ad asperiores natus aut debitis. Voluptatem cum blanditiis aspernatur modi repudiandae qui similique. Magni est qui cupiditate accusamus eius.', 'Ut incidunt quisquam enim quia ipsam. Qui quibusdam quidem est quam ipsa. Officia et harum sit harum quo est. Ex sed voluptate maiores reiciendis laudantium qui odit. Ullam voluptatem rem aut aperiam. Quae quis tempore sunt nemo sed atque. Necessitatibus molestiae doloribus ea voluptatem sint saepe odio sed. Dolores aut nulla aut iste dolores nam. Sit dolorem fugit officiis ea sunt voluptas. Voluptas minima eaque rerum nihil eveniet soluta. Et occaecati perspiciatis aut quod.', 'DRAFT', 'https://lorempixel.com/1200/400/?45471', '2018-05-29 06:45:37', '2018-05-29 06:45:37'),
(241, 6, 4, 'Molestias aut ipsa voluptas harum.', 'molestias-aut-ipsa-voluptas-harum', 'Aliquid iure aut sapiente ullam fugiat. Tenetur totam sit quia odit praesentium et. Quo vel aut aut corporis est facere. Ut quia non facilis quia aut.', 'Sunt velit atque qui porro odit odio officiis numquam. Ad quam officia repellendus pariatur dicta reiciendis quam. Odio laudantium nisi magnam omnis iste molestias perspiciatis velit. Vero qui et officiis praesentium quia esse. Natus esse amet molestiae distinctio incidunt. Alias ut ullam dolorem quis. Perferendis ex optio rem veritatis. Perferendis ratione accusantium ut. Id optio aut ut nesciunt sequi. Dicta facilis est consequatur dolor aut laborum.', 'PUBLISHED', 'https://lorempixel.com/1200/400/?96499', '2018-05-29 06:45:37', '2018-05-29 06:45:37'),
(242, 21, 14, 'Quia occaecati est quisquam ut.', 'quia-occaecati-est-quisquam-ut', 'Hic omnis velit magnam est odio laudantium. Sed provident veritatis eligendi consequatur maiores et. Voluptate sed quam dolorum velit qui possimus. Et sit cum rerum unde deleniti.', 'Id similique ea aspernatur officia aut omnis. Sint eligendi qui sed est qui omnis qui. Ea voluptatem dolores dolor exercitationem velit. Sed aspernatur occaecati minus dolores ipsam minus quas. Dignissimos delectus voluptas voluptatem aliquid aut aliquid. Cupiditate sunt saepe labore voluptate fugiat quod aliquam in.', 'PUBLISHED', 'https://lorempixel.com/1200/400/?42285', '2018-05-29 06:45:37', '2018-05-29 06:45:37'),
(243, 26, 5, 'Illo facilis ut earum ut id.', 'illo-facilis-ut-earum-ut-id', 'Veritatis quo quia inventore esse vel officiis. Corrupti sint est perspiciatis suscipit dolores. Quia delectus commodi ipsam adipisci neque.', 'Nulla aut architecto quasi asperiores officia ut. Tenetur ea pariatur id quibusdam ipsam. Aut ut labore id incidunt odit. Veniam laborum corrupti sed. Amet saepe rerum voluptatem. Doloribus odio a quasi sunt. Facilis neque explicabo illo. Rerum ut id eveniet quas assumenda est. Dignissimos hic consequuntur facilis. Aut rerum neque est et ab inventore. Ut harum alias vero. Tenetur ad quis qui. Eum dicta possimus adipisci modi ea magni. Velit qui nisi voluptas et recusandae quo.', 'DRAFT', 'https://lorempixel.com/1200/400/?15411', '2018-05-29 06:45:37', '2018-05-29 06:45:37'),
(244, 11, 6, 'Ut voluptate animi non at.', 'ut-voluptate-animi-non-at', 'Nisi eos assumenda suscipit aut quos. Velit sunt iste qui excepturi fugit. Minima sunt iusto et ut sint ratione fugit.', 'Dolor non ut similique voluptatibus dolores incidunt nihil qui. Mollitia nemo est et quas ducimus eum optio. Aut quia sed quaerat. Est natus blanditiis consectetur est inventore. Labore facilis deserunt doloremque blanditiis omnis. Explicabo hic odio sed. Magnam repellendus ipsam et explicabo. Et sunt consequatur qui. Corrupti excepturi et sunt recusandae quia voluptatibus illum. Quos qui atque nulla laborum architecto. Aliquid eaque et sunt distinctio architecto facere.', 'PUBLISHED', 'https://lorempixel.com/1200/400/?18342', '2018-05-29 06:45:37', '2018-05-29 06:45:37'),
(245, 26, 11, 'Unde quia aperiam recusandae eius quis.', 'unde-quia-aperiam-recusandae-eius-quis', 'Et tempora assumenda sunt id ea. Quis sed unde facilis et voluptatem et sed. Beatae architecto quae perferendis repudiandae rem architecto. Iure ut veritatis quaerat.', 'Quibusdam repellendus laboriosam explicabo velit dolorem facere voluptas voluptas. Quia sit fuga animi quisquam nobis. Enim eos iure beatae eum tempore voluptas. Aut veniam voluptate magnam quos sapiente. Occaecati non et saepe. Eum facere recusandae perferendis non. Ratione architecto praesentium tempore rerum natus numquam. Commodi et qui unde aperiam. Blanditiis aut dolorem et animi consectetur qui. Laborum velit quas vel recusandae nemo. Nam esse pariatur eius molestiae.', 'PUBLISHED', 'https://lorempixel.com/1200/400/?25164', '2018-05-29 06:45:37', '2018-05-29 06:45:37'),
(246, 28, 1, 'Laborum et nobis.', 'laborum-et-nobis', 'Libero repellat debitis voluptas sunt sit. Laboriosam dolorum amet quibusdam omnis cupiditate. A odio placeat tempore nesciunt voluptatem. Possimus quis quis atque et.', 'Commodi commodi eaque qui pariatur qui. Consectetur reiciendis est quibusdam ad ea qui. Eos ut amet iste est nihil. Eius accusantium non qui sit laborum et. Voluptates ad sed facere cumque asperiores velit. Dignissimos temporibus eaque a optio officia. Dolorem laudantium molestiae aliquid ad quae fugit. Veniam autem eos eaque aliquam impedit. Optio repellat eligendi et officiis rerum est numquam nam.', 'PUBLISHED', 'https://lorempixel.com/1200/400/?55685', '2018-05-29 06:45:37', '2018-05-29 06:45:37'),
(247, 24, 20, 'Aut harum quo vitae neque debitis.', 'aut-harum-quo-vitae-neque-debitis', 'Neque sunt dolores laborum voluptas facilis. Sequi non molestiae aliquam dolores non non.', 'Et quisquam necessitatibus et nostrum. Ex veniam eaque voluptatibus sapiente adipisci sunt. Expedita dolorum consequatur earum quibusdam laudantium sit eaque. Aliquid architecto beatae consequatur non omnis et explicabo. Provident expedita quod odio neque. Itaque est voluptates quisquam incidunt eum eveniet. Molestiae sit consequuntur adipisci animi labore dolorum.', 'DRAFT', 'https://lorempixel.com/1200/400/?54430', '2018-05-29 06:45:37', '2018-05-29 06:45:37'),
(248, 7, 9, 'Similique suscipit dolore.', 'similique-suscipit-dolore', 'Harum iure nostrum est maxime quos. In inventore voluptatem eveniet cupiditate nisi. Odio sunt ut et excepturi est.', 'Voluptatum molestiae aliquam voluptatem porro. Est odio voluptatum consequatur blanditiis adipisci omnis. Rerum quod quis labore et est. Et repellat qui saepe officia. Dolore dolorem id vitae qui praesentium delectus pariatur rem. Aliquam modi est est sit alias quas. Quis eum qui soluta. Quae numquam quos similique eos cumque provident aut rerum. Quos ut officiis iusto possimus qui dolorem tenetur.', 'DRAFT', 'https://lorempixel.com/1200/400/?65446', '2018-05-29 06:45:37', '2018-05-29 06:45:37'),
(249, 9, 10, 'Rerum qui corporis beatae optio.', 'rerum-qui-corporis-beatae-optio', 'Suscipit impedit explicabo sit itaque deleniti. Fugit doloremque autem ipsam distinctio. Et deleniti illum necessitatibus officiis quo at ipsum et.', 'Et corporis corporis rerum sed labore quam deleniti. Iure aperiam quia dolores amet. Voluptas quis maiores temporibus et sed. Dolor exercitationem dignissimos voluptas sed illum ut. Cupiditate rerum nesciunt perferendis iusto. Saepe dolore ipsa consequatur blanditiis. Pariatur nobis beatae eos velit. Sint velit ut tenetur repellendus rerum atque neque nemo. Voluptatem inventore earum esse cumque.', 'DRAFT', 'https://lorempixel.com/1200/400/?25294', '2018-05-29 06:45:37', '2018-05-29 06:45:37'),
(250, 15, 18, 'Eum sapiente nisi.', 'eum-sapiente-nisi', 'Aut quia dolores ipsa sed dolor. Expedita et asperiores sit reiciendis labore. Rerum rerum libero consequatur soluta occaecati animi excepturi.', 'Consequuntur voluptatum eius voluptatem quam ratione. Ullam nobis sint nihil et provident molestiae veniam. Libero deserunt consequatur delectus asperiores. Deleniti iusto consequatur dolores sed. Quis reiciendis fugiat voluptatibus aut eum eum quisquam consequatur. Voluptas asperiores inventore ut tempore quisquam. Optio qui id nisi molestiae qui consequuntur.', 'DRAFT', 'https://lorempixel.com/1200/400/?41929', '2018-05-29 06:45:37', '2018-05-29 06:45:37'),
(251, 5, 6, 'Aut quae nemo labore.', 'aut-quae-nemo-labore', 'Enim dicta maiores nam. Nemo omnis minus officia ad sapiente. Corporis aut doloremque est. Laudantium quidem ipsa accusantium et.', 'Molestias et quaerat nostrum reiciendis. Ut quasi autem sed similique vero. Quisquam velit suscipit molestias perferendis quo similique pariatur. Nisi et eum atque sint reiciendis molestias nobis architecto. Placeat id neque blanditiis esse. Ut fugit quo est quia perspiciatis ratione. Necessitatibus aperiam voluptates dolor deserunt eos cupiditate. Sed repudiandae incidunt non fugit aliquam sed eligendi magni. Aut aut et odio qui molestias tempore porro eligendi.', 'DRAFT', 'https://lorempixel.com/1200/400/?78589', '2018-05-29 06:45:37', '2018-05-29 06:45:37'),
(252, 23, 5, 'Fugit molestiae accusamus possimus.', 'fugit-molestiae-accusamus-possimus', 'Ad ut autem odit aut facere. Odio doloremque accusamus sed voluptas saepe sequi. Saepe similique nemo debitis illo et dignissimos saepe iusto. Est distinctio voluptatum incidunt aut deleniti ex ea.', 'Delectus consequatur voluptatem neque suscipit velit voluptatem iure nostrum. Repellendus dolor qui vel et odit sunt. Distinctio rerum quaerat quae doloremque itaque minus minus. Voluptates amet voluptatem molestiae omnis. Molestiae velit et atque eos necessitatibus aut id. Itaque officiis sit ipsam hic libero. Eveniet pariatur omnis exercitationem possimus est numquam. Laudantium corporis soluta voluptate sed laborum tempore.', 'DRAFT', 'https://lorempixel.com/1200/400/?83797', '2018-05-29 06:45:37', '2018-05-29 06:45:37'),
(253, 30, 8, 'Laborum rerum repellat rem dolor.', 'laborum-rerum-repellat-rem-dolor', 'Illo accusantium molestiae quisquam optio. Aut laudantium voluptatem maiores. Sit ut velit eaque soluta reprehenderit sed provident.', 'Aliquam dicta consequatur qui labore. Atque laudantium dolor laborum dolorem est natus. Voluptate commodi et at eum qui laborum. Aliquam voluptatem dolorum animi nihil molestiae recusandae. Omnis sint velit atque omnis molestiae corporis. Quo at commodi voluptatem. Consequatur voluptate ratione sit dolorum. Quo et illo nihil omnis voluptatem. Fuga dolores eius quia aut et error. Sequi et itaque a. Cumque eius et rerum nam totam maiores quam.', 'PUBLISHED', 'https://lorempixel.com/1200/400/?88442', '2018-05-29 06:45:37', '2018-05-29 06:45:37'),
(254, 11, 18, 'Qui quod et.', 'qui-quod-et', 'Eligendi omnis hic placeat voluptas eum eos officiis. Libero eum voluptas quibusdam atque vel libero rerum.', 'Tempora autem tempore quas et dignissimos qui. Delectus omnis quasi non hic. Tempora ratione soluta et enim voluptatum voluptas sint. Voluptatem voluptatem molestiae voluptate sapiente fuga quia. Voluptas soluta hic qui dolor in et doloremque. Velit ab consequuntur alias est nihil similique. Autem inventore quisquam aliquid eum. Culpa placeat ea sit. Qui explicabo magnam sint et delectus error. Et unde et ullam quaerat maiores. Saepe molestiae et tempora quos assumenda fugit.', 'PUBLISHED', 'https://lorempixel.com/1200/400/?50941', '2018-05-29 06:45:37', '2018-05-29 06:45:37'),
(255, 5, 3, 'Non aut sit enim autem.', 'non-aut-sit-enim-autem', 'Occaecati dolor cumque doloribus quisquam. Aut rerum laudantium a corrupti qui quia. Cumque perspiciatis inventore ad. Maxime voluptatem cupiditate error consectetur consequatur saepe qui voluptates.', 'Quia et facilis quia dicta itaque maxime nulla. Sequi corporis ut similique eum. Nihil ut non assumenda ipsum quam laudantium rem. Aut iusto harum sed ipsam delectus fugiat aliquam. Ut a ut sit expedita. Tempore quia harum explicabo deleniti consequatur. Quia sed amet et rerum. Omnis sed optio sit debitis quos distinctio sint. Labore quis commodi autem ut. Quisquam temporibus minima quia aut maxime et. Laboriosam officiis necessitatibus vitae illo quo assumenda ex.', 'PUBLISHED', 'https://lorempixel.com/1200/400/?69443', '2018-05-29 06:45:37', '2018-05-29 06:45:37'),
(256, 4, 7, 'Delectus repellat molestiae quasi.', 'delectus-repellat-molestiae-quasi', 'Similique molestias neque ut in ut officia repellendus. Ipsa est id rerum ipsam. In laboriosam sit inventore veniam. Doloribus deleniti voluptatum sit cumque cumque beatae qui.', 'Dolorem perferendis magni quam. Ex id natus commodi cumque fugiat rerum porro labore. Omnis magnam sit dolorem qui quia perferendis. Temporibus voluptas voluptatem eveniet fugiat nihil voluptatibus. Eos qui excepturi quo quaerat ratione alias illo dolore. Quis aspernatur dolor nemo odit vitae est. Aut provident aut eum. Et occaecati autem ea excepturi molestiae commodi. Iure temporibus recusandae vitae amet numquam in maiores. Esse beatae omnis aut in.', 'DRAFT', 'https://lorempixel.com/1200/400/?41074', '2018-05-29 06:45:37', '2018-05-29 06:45:37'),
(257, 10, 16, 'Iusto ut excepturi.', 'iusto-ut-excepturi', 'Vitae voluptatem ut voluptate fugiat. Et tempora in a sed amet delectus. Sapiente mollitia saepe laborum.', 'Necessitatibus eos et sed aut reprehenderit nam quia doloremque. Expedita autem aut aliquam amet est dolorem. Beatae quisquam quia nesciunt animi iusto non. Expedita expedita ut exercitationem iusto quae. Modi dolores hic quibusdam. Ipsa molestiae ipsam possimus et. Harum placeat cum optio aspernatur veritatis corrupti nobis. Aliquid earum sequi impedit et provident animi sunt natus. Animi itaque illum minus unde odit autem qui. Odit sunt id consectetur ut. Est libero aut vel est qui et.', 'PUBLISHED', 'https://lorempixel.com/1200/400/?94001', '2018-05-29 06:45:37', '2018-05-29 06:45:37'),
(258, 30, 4, 'Nulla nulla perspiciatis perferendis saepe.', 'nulla-nulla-perspiciatis-perferendis-saepe', 'Ea odit et cupiditate ullam laboriosam voluptas eveniet. Porro eligendi sed dolor qui. Ipsum eum dolorem recusandae et labore laudantium aperiam.', 'Fugit in officia eum nihil laborum sint et. Quaerat maiores voluptatum qui alias eius. Est voluptate dolorem est velit voluptatum. Sint cum quo aut dolores voluptatibus voluptatem. Sunt sit quidem sed. Non ipsum sed magni est molestias recusandae in omnis. Laborum veniam et atque veniam culpa possimus quam. Magni rerum inventore molestiae ducimus eum quisquam. Sed exercitationem libero eveniet nam reiciendis. Minus expedita deleniti aut reiciendis cumque.', 'PUBLISHED', 'https://lorempixel.com/1200/400/?41795', '2018-05-29 06:45:37', '2018-05-29 06:45:37'),
(259, 1, 7, 'Accusamus non odit eius magnam.', 'accusamus-non-odit-eius-magnam', 'Voluptatibus illo molestiae eius dolores. Ipsa consectetur nobis ab asperiores porro ducimus.', 'Sapiente cumque consequatur sed veniam iure porro aperiam. Amet earum totam blanditiis. Voluptatem quidem optio suscipit commodi deserunt voluptatum. Eaque earum aspernatur in ut doloribus animi fugiat. Accusamus accusamus dignissimos minima amet exercitationem et distinctio expedita. Sed dolor velit deleniti quae sapiente voluptate veniam similique. Ut nihil consequatur ratione et est voluptatibus odio. Ad assumenda eius et in. Et harum corrupti nesciunt aperiam molestiae consequatur et.', 'DRAFT', 'https://lorempixel.com/1200/400/?50934', '2018-05-29 06:45:37', '2018-05-29 06:45:37'),
(260, 14, 18, 'Quae quam ipsam et autem cupiditate.', 'quae-quam-ipsam-et-autem-cupiditate', 'Animi voluptatem ea perspiciatis ut alias atque. Facilis ut qui totam ducimus qui. Excepturi vel ut nobis saepe aut. Voluptates occaecati fuga rerum ut laboriosam et aperiam omnis.', 'Nemo omnis fugiat natus odio est eveniet. Et ipsum nam fugit illum. Non magni quam qui vitae. Pariatur soluta id illo et debitis rerum. Quidem enim assumenda ab quia. At reprehenderit sit autem amet ab. Sunt minima sunt nemo maxime. Eligendi ab nam odio accusantium necessitatibus natus. Atque animi sit quas. Porro aliquam asperiores deleniti earum non beatae ullam. Non ipsam consequatur quaerat hic itaque et qui sequi.', 'PUBLISHED', 'https://lorempixel.com/1200/400/?57649', '2018-05-29 06:45:37', '2018-05-29 06:45:37'),
(261, 26, 8, 'Et sint voluptatum deserunt.', 'et-sint-voluptatum-deserunt', 'Aperiam placeat nesciunt eveniet id qui dolore. Ea dolores eaque vel et. Non sit iure similique molestiae qui et cumque. Omnis veniam ipsam est commodi laborum.', 'Possimus debitis ab qui ullam. Eaque ut recusandae architecto est officiis aut voluptatem incidunt. Veritatis aut autem nulla ad quis vel. Libero accusamus provident a voluptas rerum. Dolorem animi animi ut quasi ut autem. Quisquam et ex ut et odio iste consequatur. Eos voluptatibus ipsam perferendis est architecto dignissimos porro deleniti. Est est est maiores et. Quo quibusdam dolor voluptatem ut vel ex fugiat. Sunt aut totam quia molestias assumenda. Sint dolor qui dolorem alias voluptates.', 'DRAFT', 'https://lorempixel.com/1200/400/?26775', '2018-05-29 06:45:37', '2018-05-29 06:45:37'),
(262, 28, 13, 'Sit aperiam natus commodi.', 'sit-aperiam-natus-commodi', 'Aut odit cupiditate neque aut suscipit. Adipisci non voluptatem ut cupiditate architecto aut quod molestiae. A at ipsa consequuntur ut aut et.', 'Voluptas adipisci laborum et omnis occaecati dolores culpa et. Quasi sed consequuntur sint sed magnam. Quibusdam laborum aliquam ut vero debitis et qui. Et non consequatur aut itaque sit consequuntur debitis officiis. Nihil odit aut vel repellat deleniti ipsa ea. Nisi ut dicta reiciendis reprehenderit fugiat. Et fugiat illo autem sint a enim.', 'PUBLISHED', 'https://lorempixel.com/1200/400/?57899', '2018-05-29 06:45:37', '2018-05-29 06:45:37'),
(263, 11, 3, 'Et ea iure sed.', 'et-ea-iure-sed', 'Dolor ea ut libero in et sit quam. Fugit odit saepe natus et. Earum rerum nesciunt et officia hic omnis. Aliquam hic velit hic ratione.', 'Vero temporibus et tempora eaque est error aut. Cum illum libero qui. Voluptas repudiandae voluptatem nulla accusamus excepturi vero. Sequi aliquam delectus numquam repellendus. Ea quidem repudiandae eaque error deleniti. Molestias eum quia eos iste modi consequatur quasi. Officiis repudiandae qui dignissimos amet itaque. Aperiam aspernatur et et ex. Aspernatur quia aliquam ullam in veritatis neque. Delectus rem repellendus laudantium qui non.', 'DRAFT', 'https://lorempixel.com/1200/400/?31198', '2018-05-29 06:45:37', '2018-05-29 06:45:37'),
(264, 3, 13, 'Architecto sunt in culpa.', 'architecto-sunt-in-culpa', 'Fuga magnam dolore consequatur qui. Nobis consequatur fuga praesentium sunt maxime officiis. Minus unde ex non aspernatur similique voluptas ut.', 'Cum doloribus voluptatem omnis ea est. Laudantium voluptatum quis sequi nihil quia. Et voluptatem quia expedita similique enim et enim. Odit voluptatem sequi enim quidem facilis voluptas. Eaque quo quisquam vero dolore cum rerum. Aut totam non laborum. Numquam sunt quis rerum aut veritatis. Tempore a quia occaecati dolor dolorem voluptas et. Cumque suscipit error sed at. Eaque reprehenderit voluptatibus beatae ipsa et vel. Omnis fugiat eligendi id voluptate praesentium fuga.', 'DRAFT', 'https://lorempixel.com/1200/400/?80851', '2018-05-29 06:45:38', '2018-05-29 06:45:38'),
(265, 19, 12, 'Officia laudantium et aliquam optio.', 'officia-laudantium-et-aliquam-optio', 'Alias sunt enim nesciunt illum blanditiis et tempora. Qui ut sit commodi et voluptatibus in. Ratione dolor sit qui accusamus maiores voluptas.', 'Magnam ullam nobis tempore at enim ducimus quisquam omnis. Laborum quia et et sapiente consequatur non sapiente. Atque atque sed quo voluptas sequi corrupti perspiciatis. Vel ipsam est est animi accusamus ipsam fugit. Fugit maiores qui nesciunt veritatis eaque dolore. Quisquam aliquid qui dicta eligendi. Voluptas corrupti sed id voluptas aut repellendus. Et quia quia qui nulla eos quis ad et.', 'DRAFT', 'https://lorempixel.com/1200/400/?57341', '2018-05-29 06:45:38', '2018-05-29 06:45:38');
INSERT INTO `posts` (`id`, `user_id`, `category_id`, `name`, `slug`, `excerpt`, `body`, `status`, `file`, `created_at`, `updated_at`) VALUES
(266, 14, 16, 'Alias voluptas quia voluptas eum.', 'alias-voluptas-quia-voluptas-eum', 'Porro maiores iusto placeat voluptas tempore ut velit velit. Minima et veniam qui repellat consequuntur rem fugit. Cupiditate quo qui officia voluptatem eum earum voluptatem.', 'Dolores aut dolorem exercitationem libero mollitia. Veritatis itaque incidunt qui. Aut quos sint consequatur repellat. Minima quo nesciunt architecto velit ut. Repudiandae distinctio iure esse quia id eum. Accusantium est commodi ipsam in nemo. Vero omnis quas perferendis dolorum quia repellat voluptatem est. Est quo ipsam tempore officia quo sint non a. Voluptatibus beatae accusantium voluptas. Quasi in officiis neque sunt dolores. Quia et modi quos.', 'DRAFT', 'https://lorempixel.com/1200/400/?90585', '2018-05-29 06:45:38', '2018-05-29 06:45:38'),
(267, 26, 5, 'Qui et adipisci quas.', 'qui-et-adipisci-quas', 'Ratione accusantium eos maxime officia nisi. Sed unde laudantium corporis non nesciunt. Et est ad quidem distinctio. Autem corrupti at adipisci.', 'Qui recusandae mollitia quidem consequatur. Doloremque vel occaecati vero reprehenderit minus. Ad nulla numquam molestiae aut ea qui inventore. Quod dolorum dolorum nemo eius. Eos ex expedita nostrum. Velit ad iure commodi inventore corporis laboriosam. Est perspiciatis excepturi repellendus voluptatum recusandae. Qui sit assumenda illo. Omnis ullam earum autem. Ipsa ipsum excepturi totam debitis consequuntur. Aut eos cum deleniti dicta ut tempora est.', 'DRAFT', 'https://lorempixel.com/1200/400/?81452', '2018-05-29 06:45:38', '2018-05-29 06:45:38'),
(268, 1, 17, 'Dolores dolores beatae.', 'dolores-dolores-beatae', 'Rerum ipsum commodi distinctio dolor corrupti quam. Molestias aut asperiores dolores adipisci. Animi velit illum est voluptas explicabo deleniti dolores.', 'Aut magnam illum non. Consectetur sint accusantium incidunt. Quia at odio dolores doloribus non. Aut illo magni sit nihil. Eum similique odit sed recusandae nam tenetur. Illum voluptas cumque deserunt eius aut earum dolor. Impedit sunt ex voluptatibus iure eos. Aut est mollitia sed vel quod autem quia.', 'DRAFT', 'https://lorempixel.com/1200/400/?63505', '2018-05-29 06:45:38', '2018-05-29 06:45:38'),
(269, 18, 8, 'Iste atque odio sequi.', 'iste-atque-odio-sequi', 'Neque voluptatem sit et quis debitis voluptatum. Magnam error veniam ut. Iusto harum a eius optio. Voluptatem quae similique laudantium at et molestias.', 'Totam ab consequatur sint. Eligendi eveniet ipsum culpa accusamus eos maxime explicabo. Laborum natus libero quaerat eos dolore ipsa. Dolores optio voluptatem hic. Tempora quam eius fugiat maiores sint voluptates. Unde quia sunt molestiae et voluptatem illum repellat. Totam eius optio consequatur cumque. Ut occaecati quis libero sed ullam eum enim.', 'PUBLISHED', 'https://lorempixel.com/1200/400/?13336', '2018-05-29 06:45:38', '2018-05-29 06:45:38'),
(270, 22, 15, 'Reprehenderit eos id pariatur nisi et.', 'reprehenderit-eos-id-pariatur-nisi-et', 'Voluptate culpa harum ab accusamus quae autem. Distinctio iusto iure quibusdam odio cum. Deleniti possimus voluptatem ducimus quo sed sint et. Deserunt sit ut dolore exercitationem eum.', 'At veniam facilis aut non. Sit et quia iure. Quis laborum expedita rerum recusandae. Delectus occaecati soluta aliquam aperiam consequuntur in. Repellendus est in veniam assumenda. Unde dolor labore consequatur ut. At vitae a aliquid eos. Tenetur fuga ut sit nihil. Rerum illum ad et eligendi rerum pariatur laudantium. Sequi aut unde natus explicabo. Ut tempora velit aperiam quo eaque similique qui. Quia impedit esse ut voluptatem deleniti sed debitis.', 'PUBLISHED', 'https://lorempixel.com/1200/400/?64193', '2018-05-29 06:45:38', '2018-05-29 06:45:38'),
(271, 16, 17, 'Ea dicta eaque qui.', 'ea-dicta-eaque-qui', 'Magni rerum aut sequi voluptas. Et temporibus sint voluptatum non. Rerum commodi earum laboriosam ut dolores. Corrupti rerum autem illum ab qui voluptatibus omnis.', 'Asperiores repellendus facere non suscipit. Dolore et ducimus perferendis hic soluta. Laborum consequuntur quod quas et corporis. Mollitia animi facere delectus beatae. Aspernatur quaerat et dolor tempora. Illum et maiores qui corrupti alias dolor et. Architecto architecto dolorem sequi. Laboriosam ut voluptatum explicabo dolores ex non perferendis. Ut ab est voluptatem molestias molestiae doloribus. Iure ea sequi a tempora ipsum. Architecto sit autem esse a dolore magni quae.', 'PUBLISHED', 'https://lorempixel.com/1200/400/?90588', '2018-05-29 06:45:38', '2018-05-29 06:45:38'),
(272, 1, 17, 'Vel rerum soluta qui est et.', 'vel-rerum-soluta-qui-est-et', 'Molestiae rerum explicabo et minima. Possimus numquam in labore ullam fugiat in et. Nihil optio dolorem quis.', 'Ullam aperiam iure animi ut quia minus et eum. Voluptate tempora aperiam dolor eum ab est quibusdam. Saepe ut voluptatem beatae amet ut est eos. Sit odio ex dolorem. Quam hic enim dolorem illo aspernatur sed maiores hic. Aut eos natus unde molestiae. Similique fugiat at eaque maxime. Iusto dolores vero eum veniam. Aperiam et dolorem iure illum omnis at dolorum. Natus aliquid vero aut reiciendis. Quia unde maiores quia totam sit quam.', 'PUBLISHED', 'https://lorempixel.com/1200/400/?20791', '2018-05-29 06:45:38', '2018-05-29 06:45:38'),
(273, 19, 1, 'Consequuntur occaecati quam.', 'consequuntur-occaecati-quam', 'Voluptatem similique et consequatur in esse. Commodi voluptatum ut quidem rerum minus quisquam animi. Nobis quia ratione non animi culpa vel illo.', 'Pariatur et culpa illum molestiae laudantium porro modi. Minima nisi provident sapiente quia modi omnis. Quasi nemo sequi architecto iure et et. Non officia cupiditate aliquid dignissimos ut provident. Aut consequatur veniam ipsa molestias. Veritatis voluptas aut quaerat magnam ut aut. Fuga cupiditate occaecati et impedit eum voluptatem. Ut doloribus eos pariatur temporibus est velit eaque aspernatur.', 'DRAFT', 'https://lorempixel.com/1200/400/?29935', '2018-05-29 06:45:38', '2018-05-29 06:45:38'),
(274, 1, 13, 'Hic voluptates tempora.', 'hic-voluptates-tempora', 'Rerum quos dolor et soluta rerum. Harum necessitatibus amet vel modi fugiat fugit. Qui adipisci quis porro temporibus totam veniam.', 'Vel veniam similique soluta omnis ut. Eos aut tempore est atque quam a nihil quod. Ea reiciendis unde quas ducimus maiores. Voluptatibus non sunt sint in quia amet sed. Similique et veniam nihil et non architecto. Enim ipsum explicabo ipsa quo est. Aut explicabo asperiores cupiditate hic eligendi. Sed quos provident aut rerum voluptatem. Et illo rem fuga quam sunt quae repudiandae. Enim qui molestiae libero amet sit. Optio saepe quis nisi corrupti praesentium minus quam omnis.', 'PUBLISHED', 'https://lorempixel.com/1200/400/?71509', '2018-05-29 06:45:38', '2018-05-29 06:45:38'),
(275, 11, 10, 'Sed tempore aliquam veritatis quisquam et.', 'sed-tempore-aliquam-veritatis-quisquam-et', 'Veniam maxime et autem accusamus sed. Dolor voluptas earum aperiam esse. Eveniet recusandae minus tempora aut non voluptatem.', 'Recusandae sed unde commodi et. Aut harum aut dolorum dolores est. Sequi incidunt consequatur ut et aut. Sint sequi et est odio ut corporis voluptatem. Velit iste quae vel facere quia. Omnis ea similique quod magni voluptatibus cum. Sunt qui culpa vitae non aut quo qui sit. Ab officiis dolorem provident qui iste. Eveniet dolorem ipsum aut nulla aut ipsam vel consequatur. Ipsa vero et aperiam voluptatum temporibus velit. Alias est at qui.', 'PUBLISHED', 'https://lorempixel.com/1200/400/?16673', '2018-05-29 06:45:38', '2018-05-29 06:45:38'),
(276, 16, 4, 'Et praesentium iste eos fuga.', 'et-praesentium-iste-eos-fuga', 'Error atque beatae voluptates autem atque illum quaerat id. Tempora animi nisi nobis. Quasi dolor quis quaerat et.', 'Unde repudiandae accusamus similique dolor quo. Eveniet dolore in repellat ut consequatur doloribus maxime. Et aut ullam adipisci. Quam sapiente culpa aperiam vero magnam quis corporis. Voluptatibus consequatur et sed fugiat doloremque sed. Voluptas nostrum placeat omnis dolorum sed libero facere. Itaque asperiores quos omnis soluta ut quisquam qui.', 'PUBLISHED', 'https://lorempixel.com/1200/400/?19582', '2018-05-29 06:45:38', '2018-05-29 06:45:38'),
(277, 25, 9, 'Modi vitae cum.', 'modi-vitae-cum', 'Odio iste nam ut. Velit quis consequuntur vero quis ipsa sit. Totam ut voluptatem voluptatibus maxime voluptas. Quia natus vel rem repellat non aut non eius.', 'Est eos reprehenderit exercitationem voluptatem at neque. Consectetur molestiae unde adipisci enim. Qui fuga mollitia est ullam. Dolorum minima sed perferendis est et. Commodi autem ut harum. Delectus dolore ipsum et modi. Quis incidunt mollitia reprehenderit. Rerum et et voluptas perspiciatis. Cumque ipsa unde sit laboriosam veniam. Sunt porro pariatur aut deserunt. Aut doloribus exercitationem assumenda eum.', 'DRAFT', 'https://lorempixel.com/1200/400/?69439', '2018-05-29 06:45:38', '2018-05-29 06:45:38'),
(278, 25, 3, 'Delectus pariatur quam.', 'delectus-pariatur-quam', 'Voluptate repudiandae commodi et inventore expedita voluptatem molestiae. Sint qui provident eaque est nobis quis. Eligendi quam eos ab velit accusamus explicabo.', 'Quaerat non nihil a natus non illo eius. Nemo omnis nihil dicta. Eos quia dolor doloremque eum eos voluptatem. Perferendis temporibus ex ut. Eum quae autem aut non. Culpa accusantium ipsa autem. Asperiores ratione similique labore eaque natus. Quasi quia enim et dignissimos repellat. Ipsa ducimus vel esse ab. Quas vero doloribus odio voluptatum. Placeat earum nulla officiis illum autem.', 'PUBLISHED', 'https://lorempixel.com/1200/400/?81514', '2018-05-29 06:45:38', '2018-05-29 06:45:38'),
(279, 18, 18, 'Itaque et sit a.', 'itaque-et-sit-a', 'Magni accusantium eos autem omnis laudantium. Vitae aliquid qui molestiae et laboriosam neque nemo. Quia ad qui aut fugiat voluptatem provident. Et eum cum dolorem esse eum consequatur.', 'Dolores quae consequatur et ut. Sunt doloremque explicabo ipsam ut soluta id. Nesciunt quia saepe dignissimos ut voluptates eaque. Molestiae quidem nihil quaerat blanditiis repellat qui. Rerum ut neque sapiente accusantium. Pariatur ut sit commodi autem nisi non voluptatem quisquam. Dolorem et libero assumenda a impedit et porro ex. Facilis repellat magnam vel adipisci. Perferendis voluptas ducimus sunt quo laboriosam. Libero et doloremque eius voluptate magnam velit voluptas.', 'DRAFT', 'https://lorempixel.com/1200/400/?43219', '2018-05-29 06:45:38', '2018-05-29 06:45:38'),
(280, 23, 4, 'Provident explicabo voluptatibus.', 'provident-explicabo-voluptatibus', 'Quibusdam voluptas voluptatem est velit dolor veritatis quis. Vel quis est officiis dicta consequatur. Dicta dignissimos non sunt quisquam. Enim rerum inventore facilis a libero quos et aspernatur.', 'Ullam doloribus doloribus et sed autem modi. Odit ut voluptatem voluptatem porro sit. Illo eaque animi dolorem est dolore sed molestias. Minima ipsa magnam consectetur necessitatibus omnis ut veritatis. Debitis omnis harum vero ducimus. Illo repellat vel voluptate vitae in veniam aperiam. Tenetur soluta optio eos soluta. Voluptates dolorem accusamus et dignissimos fuga itaque tempore.', 'DRAFT', 'https://lorempixel.com/1200/400/?98126', '2018-05-29 06:45:38', '2018-05-29 06:45:38'),
(281, 13, 5, 'Quas ea ex reiciendis.', 'quas-ea-ex-reiciendis', 'Quaerat qui ea dolor doloremque tenetur inventore id. Mollitia in qui possimus natus architecto sit error. Excepturi sit dolores et rerum ipsum et dolor eveniet.', 'Enim rerum eum ex delectus distinctio. Unde maxime consequatur libero. Laboriosam accusamus reiciendis rerum. Eum natus distinctio aut distinctio repellat enim quae. Quia eum et harum ab omnis ab voluptatem labore. Voluptatem rerum aut odit optio aut doloribus. Libero omnis corrupti nisi consequatur qui consequatur aut. Nihil omnis non quos distinctio.', 'PUBLISHED', 'https://lorempixel.com/1200/400/?63070', '2018-05-29 06:45:38', '2018-05-29 06:45:38'),
(282, 30, 6, 'Perferendis rerum et.', 'perferendis-rerum-et', 'Eos sed tenetur voluptas esse recusandae iusto sed. Et eligendi minima sed nam consequuntur nam. Ea non excepturi quibusdam ad. Facilis dignissimos minus ea quia molestiae pariatur.', 'Velit sed consequatur ad. Maiores architecto officiis soluta aut eius ut. Minus animi id nulla possimus et facere odio eligendi. Veniam et placeat enim omnis dicta occaecati voluptas ut. Itaque ullam placeat totam dolores ullam suscipit fugiat. Quos natus fugiat deleniti accusantium quia mollitia. Necessitatibus quia autem voluptatem modi modi qui.', 'PUBLISHED', 'https://lorempixel.com/1200/400/?50137', '2018-05-29 06:45:38', '2018-05-29 06:45:38'),
(283, 13, 1, 'Nulla fugiat veniam.', 'nulla-fugiat-veniam', 'Rerum harum nihil soluta quia unde sit. Sit et harum ratione. Sint hic sunt aut velit dolorem consequatur voluptate eaque. Eaque nemo odit nostrum eligendi reprehenderit qui.', 'Minima aliquam deleniti dolores magnam et. Veritatis itaque nemo beatae enim aut ratione. Inventore excepturi iure molestiae tenetur animi. Ducimus qui commodi culpa sed doloribus vitae qui. Quasi tenetur quis consectetur qui dolor aut et. Molestias molestiae et omnis veritatis incidunt quibusdam. Nesciunt dolor asperiores dicta qui. Labore similique asperiores quia sit voluptates.', 'DRAFT', 'https://lorempixel.com/1200/400/?91728', '2018-05-29 06:45:38', '2018-05-29 06:45:38'),
(284, 3, 20, 'Omnis est qui illum rerum.', 'omnis-est-qui-illum-rerum', 'Et est inventore numquam. Et rem cumque qui cupiditate sit consequatur consequatur ab. Ipsum nostrum distinctio quas perferendis molestiae harum. Quos ipsam necessitatibus id voluptates.', 'Debitis et accusantium autem vero. Aut vero velit recusandae delectus eligendi qui eos. Eius rerum alias quam quia voluptatem rerum voluptates. Aut doloremque aut sed voluptatem. Sapiente omnis et pariatur a eveniet natus. Eos culpa sapiente id ut dolor. Sit nihil distinctio autem perferendis cupiditate quis veritatis non. Totam sint architecto sed. Autem pariatur iste hic voluptates.', 'PUBLISHED', 'https://lorempixel.com/1200/400/?44073', '2018-05-29 06:45:38', '2018-05-29 06:45:38'),
(285, 12, 17, 'Quibusdam impedit ut.', 'quibusdam-impedit-ut', 'Harum odit iusto dolores corrupti quos. Temporibus quam maxime voluptas magni voluptas laudantium vero. Voluptas ea voluptatem quidem qui possimus tempora. Nesciunt velit culpa hic nam quis.', 'Quidem aperiam illum ullam. Aliquid aut illo aut saepe quaerat quibusdam. Dicta molestiae magnam qui. Animi et tempore doloremque quas et voluptates. Exercitationem quia totam veritatis dolore aliquam. Magni eum enim quia odio hic soluta atque. Aspernatur commodi hic fugit. Ratione nihil sit quis doloremque quo et omnis. Dolores sed autem alias quia. Et quisquam minus est magni. Expedita laboriosam harum dolor totam.', 'PUBLISHED', 'https://lorempixel.com/1200/400/?38727', '2018-05-29 06:45:38', '2018-05-29 06:45:38'),
(286, 21, 18, 'Et harum eligendi expedita.', 'et-harum-eligendi-expedita', 'Ut dolorem aperiam nulla voluptas quia alias. Et laudantium quia distinctio ut et ex debitis. Incidunt fugit qui commodi earum. Alias quis tenetur porro qui possimus.', 'Minima magnam voluptate est dolor quibusdam eum amet. Consequuntur ab cupiditate cumque et eius repudiandae. Aperiam vel consectetur dolore est rerum repudiandae rerum. Optio quia et laudantium sed aut ut laudantium. Illo id quia quisquam reiciendis enim. Molestias et deleniti enim. Assumenda dolorem eos dolore culpa. Voluptatem ut sit in labore impedit et sapiente. Laborum fugiat accusamus ab. Nihil similique aut dicta officia. Illo eos nisi sit natus nihil aut qui.', 'DRAFT', 'https://lorempixel.com/1200/400/?33323', '2018-05-29 06:45:38', '2018-05-29 06:45:38'),
(287, 19, 15, 'Omnis consectetur adipisci aut qui.', 'omnis-consectetur-adipisci-aut-qui', 'Rerum in et fuga laboriosam voluptas vel. Molestiae dolor enim aspernatur corporis ex nostrum. Ipsam ducimus dolores sed itaque et.', 'Numquam et alias iure cumque et et. Aut tempora laborum a quo temporibus ea. Numquam reiciendis eum veritatis non commodi deserunt quos. Ab aut ea aut rem eos. Numquam eos voluptatibus neque voluptates quas rerum. Totam omnis quo corrupti sapiente eius. Temporibus quo dignissimos vero est sunt. Dicta minima quae qui consequatur. Dolores cupiditate nulla at velit enim eveniet sit. Ex et commodi voluptatum recusandae aut. Sunt qui eveniet excepturi maxime culpa in.', 'PUBLISHED', 'https://lorempixel.com/1200/400/?32667', '2018-05-29 06:45:38', '2018-05-29 06:45:38'),
(288, 22, 5, 'Enim veniam quibusdam.', 'enim-veniam-quibusdam', 'Omnis unde similique nesciunt numquam numquam qui distinctio. Natus consequuntur dolorem quaerat tempora officiis. Eum aperiam qui numquam nulla deleniti aliquid.', 'Vitae neque repellendus reprehenderit culpa voluptatem ea dolorum velit. Eveniet porro ut voluptatum vel minima explicabo pariatur. Nostrum nemo id iste voluptatem ab. Ducimus corporis modi voluptate repellendus. Ut hic dicta provident ea nesciunt. Ea quibusdam voluptatibus et aperiam error. Consectetur aspernatur quia sed voluptas. Est aliquid optio eum itaque error. Debitis voluptate quia in ab ratione.', 'PUBLISHED', 'https://lorempixel.com/1200/400/?68070', '2018-05-29 06:45:39', '2018-05-29 06:45:39'),
(289, 23, 15, 'Et quia voluptas exercitationem.', 'et-quia-voluptas-exercitationem', 'Sit qui at et et saepe eveniet. Quia quis odio ut beatae. Nulla et voluptatem deleniti officiis dolores. Est sit et et autem quam autem quia. Harum voluptatem enim dolores dolores minus ut laborum.', 'Quo ut qui facere tempore harum. Sit reprehenderit aut blanditiis possimus. Dolor quod voluptatibus saepe illo. Exercitationem sint eaque molestiae ut totam. Omnis quis autem doloremque. Distinctio doloribus vitae suscipit omnis et. Aut est eius est numquam alias. Consequatur ipsa aliquam quia. Rerum iure voluptatem error laboriosam. Quo modi suscipit et vero repellendus vel doloribus. Voluptatem temporibus ex impedit adipisci deleniti. Repudiandae facilis rerum est corrupti odio veniam quidem.', 'DRAFT', 'https://lorempixel.com/1200/400/?93777', '2018-05-29 06:45:39', '2018-05-29 06:45:39'),
(290, 27, 2, 'Et saepe molestias voluptatibus molestiae et.', 'et-saepe-molestias-voluptatibus-molestiae-et', 'Dolor voluptatem ducimus qui delectus. Et quidem aliquam asperiores reiciendis. Aut sit voluptas harum dolorum quis. Et et at cupiditate est quasi laborum qui.', 'Adipisci sunt sunt qui voluptas ipsum. Enim quia soluta consequuntur labore reprehenderit nam occaecati. Necessitatibus asperiores at non voluptatibus. Doloribus velit enim in perspiciatis vitae. Est fugiat non ut mollitia quae repellat ex. Quis et veritatis harum perferendis placeat. Beatae soluta soluta eos ducimus distinctio quia. Recusandae et adipisci est deserunt delectus occaecati. Expedita aliquid ad dolores odit saepe ipsa aperiam officia. Et reprehenderit harum neque corporis.', 'DRAFT', 'https://lorempixel.com/1200/400/?76183', '2018-05-29 06:45:39', '2018-05-29 06:45:39'),
(291, 6, 8, 'Eligendi voluptatem doloremque.', 'eligendi-voluptatem-doloremque', 'Labore sunt enim eos sit sint est vero asperiores. Qui vel veritatis voluptatum neque. Consequatur deleniti nihil aut velit. Ex dolorem quos voluptate ea dolorem.', 'Id sed nulla esse dolorum enim sit. Sequi qui repudiandae animi est. Qui magnam et laudantium illum aut porro facere quidem. Odit eligendi omnis magnam et. Et alias dolor quibusdam aut quo. Quisquam libero repellat aperiam officiis. Est et nisi labore iusto provident porro alias. Velit suscipit qui et vel rerum nihil in. Provident at qui praesentium. Dolorem eaque qui eligendi sit possimus autem ex maiores. Rerum non sed ut quia error. Necessitatibus porro dolorem ut sit necessitatibus qui.', 'PUBLISHED', 'https://lorempixel.com/1200/400/?39357', '2018-05-29 06:45:39', '2018-05-29 06:45:39'),
(292, 9, 20, 'Dolorem aspernatur sapiente id nesciunt.', 'dolorem-aspernatur-sapiente-id-nesciunt', 'Quae sint vel repellendus amet. Est placeat voluptas facilis aperiam. Unde temporibus quia quaerat eum qui voluptatem id. Doloremque asperiores consequuntur eius.', 'Assumenda enim enim ratione et. Hic error ea et assumenda blanditiis ut. Maiores omnis et soluta totam tempore. Commodi cupiditate provident rerum minima expedita quidem. Sunt eos quia consequuntur corporis ad nihil. Praesentium explicabo asperiores omnis autem tempora et. Omnis delectus numquam soluta et ut reprehenderit minus ut. Totam qui eveniet laudantium vero.', 'DRAFT', 'https://lorempixel.com/1200/400/?35805', '2018-05-29 06:45:39', '2018-05-29 06:45:39'),
(293, 25, 2, 'At consectetur similique enim.', 'at-consectetur-similique-enim', 'Corporis occaecati veritatis quia dolore omnis. Aut tempora itaque ea. Magnam earum earum et et.', 'Nobis voluptas et eligendi quis tempora reprehenderit pariatur in. Reprehenderit ullam in optio accusamus error. Cum soluta aut pariatur et. Ut perferendis incidunt quis velit est quia. Voluptates autem voluptatem quia sunt ad et et eius. Aut et culpa impedit non est. Repellat delectus tenetur optio modi aut praesentium cupiditate.', 'PUBLISHED', 'https://lorempixel.com/1200/400/?45809', '2018-05-29 06:45:39', '2018-05-29 06:45:39'),
(294, 5, 9, 'Rerum qui deserunt ducimus cupiditate.', 'rerum-qui-deserunt-ducimus-cupiditate', 'Est voluptas aut temporibus. Ipsa impedit assumenda mollitia qui voluptates. Labore qui deserunt dolores libero. Iure nam dicta unde officia beatae nemo.', 'Beatae et ex error. Error inventore eum voluptatem qui. Tempora eum id non dolore quas fugiat. Numquam necessitatibus minima ex qui id vero labore. Sed porro veritatis assumenda quaerat consequatur rerum. Minus tempora voluptatem odit corporis magni doloremque nobis. Sequi esse minima quisquam. Totam et nulla dignissimos id. Ea est aliquam error quae quas. Qui unde voluptatum aut. Ut dicta autem repellat fugit est. Aut delectus eos itaque suscipit qui tempore saepe repellendus.', 'DRAFT', 'https://lorempixel.com/1200/400/?67128', '2018-05-29 06:45:39', '2018-05-29 06:45:39'),
(295, 29, 18, 'Unde autem ducimus.', 'unde-autem-ducimus', 'Sit corporis molestiae doloribus reprehenderit voluptatum sed nemo. Reiciendis vel assumenda quasi vel.', 'Molestiae ipsa blanditiis sint vel. Adipisci omnis quia repellat facere cumque labore velit. Est laborum nobis est rem. Iusto tempore id autem alias cupiditate. Labore optio corrupti ipsum repellat tempore rem corporis. Libero repellendus rerum qui et molestiae. Modi adipisci aliquam maxime iusto. Facere tempore pariatur optio laudantium nihil et placeat voluptatem. Asperiores cupiditate nihil molestiae voluptatum earum tempora. Est maxime dolor quo.', 'PUBLISHED', 'https://lorempixel.com/1200/400/?37929', '2018-05-29 06:45:39', '2018-05-29 06:45:39'),
(296, 18, 8, 'Hic cupiditate est enim aliquid.', 'hic-cupiditate-est-enim-aliquid', 'Nam provident in hic quasi deserunt explicabo. Nihil pariatur tempore hic iste sit praesentium. Nihil itaque similique ipsum assumenda in qui eius.', 'Provident soluta aut fugiat eum rerum maiores rerum inventore. Illum temporibus sunt repellendus quidem error quasi asperiores quo. Est neque aut est minima. Quas autem distinctio nesciunt quia excepturi distinctio. Delectus eligendi quod consequatur molestiae mollitia ex a. Reprehenderit quia cum distinctio est perspiciatis. Sit placeat doloremque exercitationem maxime porro. Ducimus error molestiae perferendis nam iusto consequatur sapiente.', 'DRAFT', 'https://lorempixel.com/1200/400/?64192', '2018-05-29 06:45:39', '2018-05-29 06:45:39'),
(297, 4, 12, 'Aut quis voluptatem ad non.', 'aut-quis-voluptatem-ad-non', 'Est repellendus nostrum neque voluptatem esse. Ea culpa porro distinctio amet consequuntur autem.', 'Labore doloremque eos repudiandae esse. Aut ut sed deserunt et autem. Fugit eos rerum aut eaque minus laudantium vel. Laudantium et sunt vel eos. Repellat delectus ut minus qui ad culpa occaecati natus. Est assumenda et a non occaecati inventore. Voluptatum doloribus quis dolor debitis reprehenderit optio.', 'DRAFT', 'https://lorempixel.com/1200/400/?21150', '2018-05-29 06:45:39', '2018-05-29 06:45:39'),
(298, 20, 11, 'Ut qui consequatur repellendus.', 'ut-qui-consequatur-repellendus', 'Nemo voluptatem ab vel totam. Quos id cupiditate sunt provident dolor et voluptatem. Earum unde consequatur vitae rem sapiente fuga quas. Perspiciatis est ut qui vitae quia natus excepturi.', 'Ducimus consectetur animi voluptatem dolores. Repellendus qui a eaque et sapiente. Quia voluptatem ex excepturi. Non sit et ipsam nam exercitationem. Qui nisi non voluptatem molestiae. Occaecati magnam quis quam voluptas id. Eum aut qui cum sunt inventore similique voluptatum ipsum. Quo assumenda enim eos illum aliquid doloribus. Ut eum quisquam atque possimus qui voluptatem. Quia nam dolorem delectus sunt.', 'DRAFT', 'https://lorempixel.com/1200/400/?89909', '2018-05-29 06:45:39', '2018-05-29 06:45:39'),
(299, 18, 15, 'Sequi magnam sed earum.', 'sequi-magnam-sed-earum', 'Temporibus vel sed ea. Ullam qui accusantium qui nam. Aut et quam aut et et labore.', 'Modi vel sunt ratione commodi vel. Dignissimos cupiditate quis qui cumque porro et tempore. Quam aut et quisquam et molestiae. Sint laboriosam rerum velit temporibus commodi et. Enim atque perferendis nihil. Architecto nihil quasi at nemo. Dolorum dolores tempora doloribus vitae aut. Similique ipsa ut excepturi voluptatem deleniti rerum voluptatibus. Corrupti sit voluptate qui ratione repellat ad eius. Quidem ut saepe beatae aut eos vel sit. Aliquam eveniet nostrum a quisquam consequuntur.', 'PUBLISHED', 'https://lorempixel.com/1200/400/?10879', '2018-05-29 06:45:39', '2018-05-29 06:45:39'),
(300, 16, 20, 'Libero veritatis occaecati harum.', 'libero-veritatis-occaecati-harum', 'Illo ut officia quia dicta. Modi doloremque vel deserunt ea. Dolor nisi doloremque voluptas aut possimus ut cumque.', 'Explicabo beatae ut alias magni nam. Illum eveniet eos dolorem quae possimus. Ducimus quo maxime pariatur ut asperiores alias nam. Corporis sed eum voluptas harum ab impedit. Facilis labore maiores vero dolore. Vel quis deserunt et eaque fuga ea. Voluptatem illum voluptatem ducimus perferendis totam optio. Non et laboriosam est quae error occaecati dignissimos. Pariatur ducimus corporis quo. Voluptatum aliquam voluptatibus labore est aut. Eos dolore corrupti saepe et.', 'DRAFT', 'https://lorempixel.com/1200/400/?15302', '2018-05-29 06:45:39', '2018-05-29 06:45:39'),
(307, 30, 20, 'Nature HD Wallpapers', 'nature-hd-wallpapers', 'Content small nature hd wallpaper', '<p>Content small nature hd wallpaper&nbsp;Content small nature hd wallpaper&nbsp;Content small nature hd wallpaper&nbsp;Content small nature hd wallpaper</p>', 'PUBLISHED', 'http://127.0.0.1:8000/img/DLENNGyTicEV65QveUaejr0NXbYc0f1fEUmvqYGj.jpeg', '2018-05-30 20:53:03', '2018-05-30 21:01:48');

-- --------------------------------------------------------

--
-- Table structure for table `post_tag`
--

CREATE TABLE `post_tag` (
  `id` int(10) UNSIGNED NOT NULL,
  `post_id` int(10) UNSIGNED NOT NULL,
  `tag_id` int(10) UNSIGNED NOT NULL,
  `created_at` timestamp NULL DEFAULT NULL,
  `updated_at` timestamp NULL DEFAULT NULL
) ENGINE=InnoDB DEFAULT CHARSET=utf8mb4 COLLATE=utf8mb4_unicode_ci;

--
-- Dumping data for table `post_tag`
--

INSERT INTO `post_tag` (`id`, `post_id`, `tag_id`, `created_at`, `updated_at`) VALUES
(1, 1, 3, NULL, NULL),
(2, 1, 7, NULL, NULL),
(3, 1, 20, NULL, NULL),
(4, 2, 1, NULL, NULL),
(5, 2, 14, NULL, NULL),
(6, 2, 18, NULL, NULL),
(7, 3, 2, NULL, NULL),
(8, 3, 12, NULL, NULL),
(9, 3, 16, NULL, NULL),
(10, 4, 2, NULL, NULL),
(11, 4, 12, NULL, NULL),
(12, 4, 17, NULL, NULL),
(13, 5, 4, NULL, NULL),
(14, 5, 6, NULL, NULL),
(15, 5, 17, NULL, NULL),
(16, 6, 3, NULL, NULL),
(17, 6, 7, NULL, NULL),
(18, 6, 18, NULL, NULL),
(19, 7, 5, NULL, NULL),
(20, 7, 6, NULL, NULL),
(21, 7, 17, NULL, NULL),
(22, 8, 3, NULL, NULL),
(23, 8, 10, NULL, NULL),
(24, 8, 18, NULL, NULL),
(25, 9, 1, NULL, NULL),
(26, 9, 6, NULL, NULL),
(27, 9, 15, NULL, NULL),
(28, 10, 4, NULL, NULL),
(29, 10, 13, NULL, NULL),
(30, 10, 18, NULL, NULL),
(31, 11, 4, NULL, NULL),
(32, 11, 9, NULL, NULL),
(33, 11, 20, NULL, NULL),
(34, 12, 3, NULL, NULL),
(35, 12, 10, NULL, NULL),
(36, 12, 19, NULL, NULL),
(37, 13, 1, NULL, NULL),
(38, 13, 14, NULL, NULL),
(39, 13, 18, NULL, NULL),
(40, 14, 2, NULL, NULL),
(41, 14, 7, NULL, NULL),
(42, 14, 16, NULL, NULL),
(43, 15, 5, NULL, NULL),
(44, 15, 13, NULL, NULL),
(45, 15, 16, NULL, NULL),
(46, 16, 2, NULL, NULL),
(47, 16, 9, NULL, NULL),
(48, 16, 17, NULL, NULL),
(49, 17, 5, NULL, NULL),
(50, 17, 8, NULL, NULL),
(51, 17, 18, NULL, NULL),
(52, 18, 2, NULL, NULL),
(53, 18, 12, NULL, NULL),
(54, 18, 20, NULL, NULL),
(55, 19, 5, NULL, NULL),
(56, 19, 13, NULL, NULL),
(57, 19, 15, NULL, NULL),
(58, 20, 1, NULL, NULL),
(59, 20, 10, NULL, NULL),
(60, 20, 20, NULL, NULL),
(61, 21, 4, NULL, NULL),
(62, 21, 7, NULL, NULL),
(63, 21, 16, NULL, NULL),
(64, 22, 4, NULL, NULL),
(65, 22, 11, NULL, NULL),
(66, 22, 20, NULL, NULL),
(67, 23, 3, NULL, NULL),
(68, 23, 12, NULL, NULL),
(69, 23, 19, NULL, NULL),
(70, 24, 5, NULL, NULL),
(71, 24, 6, NULL, NULL),
(72, 24, 15, NULL, NULL),
(73, 25, 2, NULL, NULL),
(74, 25, 14, NULL, NULL),
(75, 25, 20, NULL, NULL),
(76, 26, 3, NULL, NULL),
(77, 26, 7, NULL, NULL),
(78, 26, 16, NULL, NULL),
(79, 27, 1, NULL, NULL),
(80, 27, 6, NULL, NULL),
(81, 27, 18, NULL, NULL),
(82, 28, 3, NULL, NULL),
(83, 28, 10, NULL, NULL),
(84, 28, 16, NULL, NULL),
(85, 29, 3, NULL, NULL),
(86, 29, 10, NULL, NULL),
(87, 29, 15, NULL, NULL),
(88, 30, 3, NULL, NULL),
(89, 30, 11, NULL, NULL),
(90, 30, 19, NULL, NULL),
(91, 31, 3, NULL, NULL),
(92, 31, 9, NULL, NULL),
(93, 31, 19, NULL, NULL),
(94, 32, 5, NULL, NULL),
(95, 32, 6, NULL, NULL),
(96, 32, 17, NULL, NULL),
(97, 33, 4, NULL, NULL),
(98, 33, 10, NULL, NULL),
(99, 33, 16, NULL, NULL),
(100, 34, 3, NULL, NULL),
(101, 34, 9, NULL, NULL),
(102, 34, 16, NULL, NULL),
(103, 35, 3, NULL, NULL),
(104, 35, 11, NULL, NULL),
(105, 35, 16, NULL, NULL),
(106, 36, 2, NULL, NULL),
(107, 36, 7, NULL, NULL),
(108, 36, 17, NULL, NULL),
(109, 37, 4, NULL, NULL),
(110, 37, 7, NULL, NULL),
(111, 37, 18, NULL, NULL),
(112, 38, 1, NULL, NULL),
(113, 38, 12, NULL, NULL),
(114, 38, 15, NULL, NULL),
(115, 39, 3, NULL, NULL),
(116, 39, 7, NULL, NULL),
(117, 39, 18, NULL, NULL),
(118, 40, 4, NULL, NULL),
(119, 40, 13, NULL, NULL),
(120, 40, 16, NULL, NULL),
(121, 41, 2, NULL, NULL),
(122, 41, 8, NULL, NULL),
(123, 41, 18, NULL, NULL),
(124, 42, 1, NULL, NULL),
(125, 42, 7, NULL, NULL),
(126, 42, 18, NULL, NULL),
(127, 43, 4, NULL, NULL),
(128, 43, 12, NULL, NULL),
(129, 43, 15, NULL, NULL),
(130, 44, 5, NULL, NULL),
(131, 44, 8, NULL, NULL),
(132, 44, 17, NULL, NULL),
(133, 45, 1, NULL, NULL),
(134, 45, 12, NULL, NULL),
(135, 45, 15, NULL, NULL),
(136, 46, 2, NULL, NULL),
(137, 46, 6, NULL, NULL),
(138, 46, 16, NULL, NULL),
(139, 47, 5, NULL, NULL),
(140, 47, 11, NULL, NULL),
(141, 47, 17, NULL, NULL),
(142, 48, 2, NULL, NULL),
(143, 48, 13, NULL, NULL),
(144, 48, 16, NULL, NULL),
(145, 49, 3, NULL, NULL),
(146, 49, 8, NULL, NULL),
(147, 49, 17, NULL, NULL),
(148, 50, 5, NULL, NULL),
(149, 50, 13, NULL, NULL),
(150, 50, 16, NULL, NULL),
(151, 51, 1, NULL, NULL),
(152, 51, 7, NULL, NULL),
(153, 51, 17, NULL, NULL),
(154, 52, 4, NULL, NULL),
(155, 52, 8, NULL, NULL),
(156, 52, 18, NULL, NULL),
(157, 53, 2, NULL, NULL),
(158, 53, 13, NULL, NULL),
(159, 53, 17, NULL, NULL),
(160, 54, 3, NULL, NULL),
(161, 54, 12, NULL, NULL),
(162, 54, 18, NULL, NULL),
(163, 55, 5, NULL, NULL),
(164, 55, 13, NULL, NULL),
(165, 55, 16, NULL, NULL),
(166, 56, 1, NULL, NULL),
(167, 56, 7, NULL, NULL),
(168, 56, 16, NULL, NULL),
(169, 57, 2, NULL, NULL),
(170, 57, 14, NULL, NULL),
(171, 57, 20, NULL, NULL),
(172, 58, 4, NULL, NULL),
(173, 58, 9, NULL, NULL),
(174, 58, 19, NULL, NULL),
(175, 59, 5, NULL, NULL),
(176, 59, 13, NULL, NULL),
(177, 59, 15, NULL, NULL),
(178, 60, 2, NULL, NULL),
(179, 60, 12, NULL, NULL),
(180, 60, 20, NULL, NULL),
(181, 61, 3, NULL, NULL),
(182, 61, 14, NULL, NULL),
(183, 61, 15, NULL, NULL),
(184, 62, 5, NULL, NULL),
(185, 62, 12, NULL, NULL),
(186, 62, 16, NULL, NULL),
(187, 63, 3, NULL, NULL),
(188, 63, 6, NULL, NULL),
(189, 63, 16, NULL, NULL),
(190, 64, 5, NULL, NULL),
(191, 64, 10, NULL, NULL),
(192, 64, 20, NULL, NULL),
(193, 65, 3, NULL, NULL),
(194, 65, 9, NULL, NULL),
(195, 65, 19, NULL, NULL),
(196, 66, 5, NULL, NULL),
(197, 66, 9, NULL, NULL),
(198, 66, 20, NULL, NULL),
(199, 67, 1, NULL, NULL),
(200, 67, 12, NULL, NULL),
(201, 67, 20, NULL, NULL),
(202, 68, 1, NULL, NULL),
(203, 68, 10, NULL, NULL),
(204, 68, 16, NULL, NULL),
(205, 69, 5, NULL, NULL),
(206, 69, 9, NULL, NULL),
(207, 69, 15, NULL, NULL),
(208, 70, 5, NULL, NULL),
(209, 70, 12, NULL, NULL),
(210, 70, 19, NULL, NULL),
(211, 71, 4, NULL, NULL),
(212, 71, 8, NULL, NULL),
(213, 71, 19, NULL, NULL),
(214, 72, 5, NULL, NULL),
(215, 72, 8, NULL, NULL),
(216, 72, 17, NULL, NULL),
(217, 73, 1, NULL, NULL),
(218, 73, 13, NULL, NULL),
(219, 73, 18, NULL, NULL),
(220, 74, 2, NULL, NULL),
(221, 74, 13, NULL, NULL),
(222, 74, 15, NULL, NULL),
(223, 75, 1, NULL, NULL),
(224, 75, 9, NULL, NULL),
(225, 75, 17, NULL, NULL),
(226, 76, 5, NULL, NULL),
(227, 76, 8, NULL, NULL),
(228, 76, 19, NULL, NULL),
(229, 77, 4, NULL, NULL),
(230, 77, 9, NULL, NULL),
(231, 77, 18, NULL, NULL),
(232, 78, 4, NULL, NULL),
(233, 78, 10, NULL, NULL),
(234, 78, 20, NULL, NULL),
(235, 79, 5, NULL, NULL),
(236, 79, 9, NULL, NULL),
(237, 79, 17, NULL, NULL),
(238, 80, 5, NULL, NULL),
(239, 80, 8, NULL, NULL),
(240, 80, 15, NULL, NULL),
(241, 81, 4, NULL, NULL),
(242, 81, 6, NULL, NULL),
(243, 81, 17, NULL, NULL),
(244, 82, 3, NULL, NULL),
(245, 82, 13, NULL, NULL),
(246, 82, 18, NULL, NULL),
(247, 83, 5, NULL, NULL),
(248, 83, 14, NULL, NULL),
(249, 83, 18, NULL, NULL),
(250, 84, 3, NULL, NULL),
(251, 84, 8, NULL, NULL),
(252, 84, 17, NULL, NULL),
(253, 85, 3, NULL, NULL),
(254, 85, 9, NULL, NULL),
(255, 85, 19, NULL, NULL),
(256, 86, 5, NULL, NULL),
(257, 86, 8, NULL, NULL),
(258, 86, 20, NULL, NULL),
(259, 87, 4, NULL, NULL),
(260, 87, 6, NULL, NULL),
(261, 87, 17, NULL, NULL),
(262, 88, 2, NULL, NULL),
(263, 88, 13, NULL, NULL),
(264, 88, 20, NULL, NULL),
(265, 89, 2, NULL, NULL),
(266, 89, 12, NULL, NULL),
(267, 89, 16, NULL, NULL),
(268, 90, 4, NULL, NULL),
(269, 90, 12, NULL, NULL),
(270, 90, 17, NULL, NULL),
(271, 91, 4, NULL, NULL),
(272, 91, 10, NULL, NULL),
(273, 91, 18, NULL, NULL),
(274, 92, 1, NULL, NULL),
(275, 92, 6, NULL, NULL),
(276, 92, 17, NULL, NULL),
(277, 93, 5, NULL, NULL),
(278, 93, 6, NULL, NULL),
(279, 93, 16, NULL, NULL),
(280, 94, 2, NULL, NULL),
(281, 94, 11, NULL, NULL),
(282, 94, 18, NULL, NULL),
(283, 95, 4, NULL, NULL),
(284, 95, 6, NULL, NULL),
(285, 95, 20, NULL, NULL),
(286, 96, 2, NULL, NULL),
(287, 96, 14, NULL, NULL),
(288, 96, 16, NULL, NULL),
(289, 97, 2, NULL, NULL),
(290, 97, 12, NULL, NULL),
(291, 97, 17, NULL, NULL),
(292, 98, 4, NULL, NULL),
(293, 98, 14, NULL, NULL),
(294, 98, 15, NULL, NULL),
(295, 99, 3, NULL, NULL),
(296, 99, 7, NULL, NULL),
(297, 99, 20, NULL, NULL),
(298, 100, 4, NULL, NULL),
(299, 100, 12, NULL, NULL),
(300, 100, 18, NULL, NULL),
(301, 101, 2, NULL, NULL),
(302, 101, 10, NULL, NULL),
(303, 101, 15, NULL, NULL),
(304, 102, 4, NULL, NULL),
(305, 102, 12, NULL, NULL),
(306, 102, 16, NULL, NULL),
(307, 103, 1, NULL, NULL),
(308, 103, 10, NULL, NULL),
(309, 103, 16, NULL, NULL),
(310, 104, 3, NULL, NULL),
(311, 104, 13, NULL, NULL),
(312, 104, 19, NULL, NULL),
(313, 105, 1, NULL, NULL),
(314, 105, 10, NULL, NULL),
(315, 105, 20, NULL, NULL),
(316, 106, 1, NULL, NULL),
(317, 106, 14, NULL, NULL),
(318, 106, 20, NULL, NULL),
(319, 107, 2, NULL, NULL),
(320, 107, 8, NULL, NULL),
(321, 107, 18, NULL, NULL),
(322, 108, 4, NULL, NULL),
(323, 108, 14, NULL, NULL),
(324, 108, 18, NULL, NULL),
(325, 109, 5, NULL, NULL),
(326, 109, 10, NULL, NULL),
(327, 109, 18, NULL, NULL),
(328, 110, 4, NULL, NULL),
(329, 110, 7, NULL, NULL),
(330, 110, 17, NULL, NULL),
(331, 111, 2, NULL, NULL),
(332, 111, 9, NULL, NULL),
(333, 111, 20, NULL, NULL),
(334, 112, 3, NULL, NULL),
(335, 112, 7, NULL, NULL),
(336, 112, 18, NULL, NULL),
(337, 113, 4, NULL, NULL),
(338, 113, 8, NULL, NULL),
(339, 113, 15, NULL, NULL),
(340, 114, 5, NULL, NULL),
(341, 114, 13, NULL, NULL),
(342, 114, 20, NULL, NULL),
(343, 115, 4, NULL, NULL),
(344, 115, 13, NULL, NULL),
(345, 115, 17, NULL, NULL),
(346, 116, 4, NULL, NULL),
(347, 116, 13, NULL, NULL),
(348, 116, 16, NULL, NULL),
(349, 117, 3, NULL, NULL),
(350, 117, 7, NULL, NULL),
(351, 117, 18, NULL, NULL),
(352, 118, 1, NULL, NULL),
(353, 118, 13, NULL, NULL),
(354, 118, 17, NULL, NULL),
(355, 119, 3, NULL, NULL),
(356, 119, 12, NULL, NULL),
(357, 119, 20, NULL, NULL),
(358, 120, 2, NULL, NULL),
(359, 120, 9, NULL, NULL),
(360, 120, 15, NULL, NULL),
(361, 121, 4, NULL, NULL),
(362, 121, 12, NULL, NULL),
(363, 121, 18, NULL, NULL),
(364, 122, 3, NULL, NULL),
(365, 122, 7, NULL, NULL),
(366, 122, 19, NULL, NULL),
(367, 123, 1, NULL, NULL),
(368, 123, 13, NULL, NULL),
(369, 123, 15, NULL, NULL),
(370, 124, 2, NULL, NULL),
(371, 124, 13, NULL, NULL),
(372, 124, 19, NULL, NULL),
(373, 125, 1, NULL, NULL),
(374, 125, 10, NULL, NULL),
(375, 125, 18, NULL, NULL),
(376, 126, 3, NULL, NULL),
(377, 126, 7, NULL, NULL),
(378, 126, 17, NULL, NULL),
(379, 127, 4, NULL, NULL),
(380, 127, 11, NULL, NULL),
(381, 127, 18, NULL, NULL),
(382, 128, 2, NULL, NULL),
(383, 128, 12, NULL, NULL),
(384, 128, 17, NULL, NULL),
(385, 129, 4, NULL, NULL),
(386, 129, 8, NULL, NULL),
(387, 129, 15, NULL, NULL),
(388, 130, 4, NULL, NULL),
(389, 130, 10, NULL, NULL),
(390, 130, 18, NULL, NULL),
(391, 131, 4, NULL, NULL),
(392, 131, 7, NULL, NULL),
(393, 131, 16, NULL, NULL),
(394, 132, 2, NULL, NULL),
(395, 132, 12, NULL, NULL),
(396, 132, 18, NULL, NULL),
(397, 133, 5, NULL, NULL),
(398, 133, 13, NULL, NULL),
(399, 133, 17, NULL, NULL),
(400, 134, 5, NULL, NULL),
(401, 134, 6, NULL, NULL),
(402, 134, 16, NULL, NULL),
(403, 135, 5, NULL, NULL),
(404, 135, 7, NULL, NULL),
(405, 135, 19, NULL, NULL),
(406, 136, 3, NULL, NULL),
(407, 136, 11, NULL, NULL),
(408, 136, 20, NULL, NULL),
(409, 137, 5, NULL, NULL),
(410, 137, 9, NULL, NULL),
(411, 137, 17, NULL, NULL),
(412, 138, 3, NULL, NULL),
(413, 138, 12, NULL, NULL),
(414, 138, 16, NULL, NULL),
(415, 139, 1, NULL, NULL),
(416, 139, 9, NULL, NULL),
(417, 139, 17, NULL, NULL),
(418, 140, 2, NULL, NULL),
(419, 140, 14, NULL, NULL),
(420, 140, 20, NULL, NULL),
(421, 141, 4, NULL, NULL),
(422, 141, 12, NULL, NULL),
(423, 141, 15, NULL, NULL),
(424, 142, 1, NULL, NULL),
(425, 142, 14, NULL, NULL),
(426, 142, 20, NULL, NULL),
(427, 143, 3, NULL, NULL),
(428, 143, 13, NULL, NULL),
(429, 143, 19, NULL, NULL),
(430, 144, 5, NULL, NULL),
(431, 144, 13, NULL, NULL),
(432, 144, 19, NULL, NULL),
(433, 145, 1, NULL, NULL),
(434, 145, 11, NULL, NULL),
(435, 145, 15, NULL, NULL),
(436, 146, 5, NULL, NULL),
(437, 146, 6, NULL, NULL),
(438, 146, 18, NULL, NULL),
(439, 147, 4, NULL, NULL),
(440, 147, 6, NULL, NULL),
(441, 147, 15, NULL, NULL),
(442, 148, 1, NULL, NULL),
(443, 148, 11, NULL, NULL),
(444, 148, 19, NULL, NULL),
(445, 149, 2, NULL, NULL),
(446, 149, 12, NULL, NULL),
(447, 149, 15, NULL, NULL),
(448, 150, 5, NULL, NULL),
(449, 150, 13, NULL, NULL),
(450, 150, 15, NULL, NULL),
(451, 151, 5, NULL, NULL),
(452, 151, 11, NULL, NULL),
(453, 151, 19, NULL, NULL),
(454, 152, 5, NULL, NULL),
(455, 152, 12, NULL, NULL),
(456, 152, 19, NULL, NULL),
(457, 153, 5, NULL, NULL),
(458, 153, 8, NULL, NULL),
(459, 153, 18, NULL, NULL),
(460, 154, 4, NULL, NULL),
(461, 154, 7, NULL, NULL),
(462, 154, 16, NULL, NULL),
(463, 155, 3, NULL, NULL),
(464, 155, 9, NULL, NULL),
(465, 155, 20, NULL, NULL),
(466, 156, 3, NULL, NULL),
(467, 156, 7, NULL, NULL),
(468, 156, 20, NULL, NULL),
(469, 157, 1, NULL, NULL),
(470, 157, 14, NULL, NULL),
(471, 157, 15, NULL, NULL),
(472, 158, 1, NULL, NULL),
(473, 158, 6, NULL, NULL),
(474, 158, 18, NULL, NULL),
(475, 159, 5, NULL, NULL),
(476, 159, 9, NULL, NULL),
(477, 159, 16, NULL, NULL),
(478, 160, 5, NULL, NULL),
(479, 160, 8, NULL, NULL),
(480, 160, 16, NULL, NULL),
(481, 161, 1, NULL, NULL),
(482, 161, 6, NULL, NULL),
(483, 161, 19, NULL, NULL),
(484, 162, 5, NULL, NULL),
(485, 162, 6, NULL, NULL),
(486, 162, 18, NULL, NULL),
(487, 163, 3, NULL, NULL),
(488, 163, 13, NULL, NULL),
(489, 163, 19, NULL, NULL),
(490, 164, 1, NULL, NULL),
(491, 164, 10, NULL, NULL),
(492, 164, 20, NULL, NULL),
(493, 165, 2, NULL, NULL),
(494, 165, 14, NULL, NULL),
(495, 165, 16, NULL, NULL),
(496, 166, 2, NULL, NULL),
(497, 166, 9, NULL, NULL),
(498, 166, 17, NULL, NULL),
(499, 167, 2, NULL, NULL),
(500, 167, 10, NULL, NULL),
(501, 167, 17, NULL, NULL),
(502, 168, 2, NULL, NULL),
(503, 168, 11, NULL, NULL),
(504, 168, 17, NULL, NULL),
(505, 169, 5, NULL, NULL),
(506, 169, 10, NULL, NULL),
(507, 169, 20, NULL, NULL),
(508, 170, 2, NULL, NULL),
(509, 170, 10, NULL, NULL),
(510, 170, 16, NULL, NULL),
(511, 171, 3, NULL, NULL),
(512, 171, 11, NULL, NULL),
(513, 171, 16, NULL, NULL),
(514, 172, 2, NULL, NULL),
(515, 172, 9, NULL, NULL),
(516, 172, 16, NULL, NULL),
(517, 173, 4, NULL, NULL),
(518, 173, 14, NULL, NULL),
(519, 173, 15, NULL, NULL),
(520, 174, 3, NULL, NULL),
(521, 174, 14, NULL, NULL),
(522, 174, 18, NULL, NULL),
(523, 175, 3, NULL, NULL),
(524, 175, 9, NULL, NULL),
(525, 175, 18, NULL, NULL),
(526, 176, 4, NULL, NULL),
(527, 176, 11, NULL, NULL),
(528, 176, 20, NULL, NULL),
(529, 177, 2, NULL, NULL),
(530, 177, 14, NULL, NULL),
(531, 177, 17, NULL, NULL),
(532, 178, 4, NULL, NULL),
(533, 178, 8, NULL, NULL),
(534, 178, 15, NULL, NULL),
(535, 179, 1, NULL, NULL),
(536, 179, 7, NULL, NULL),
(537, 179, 18, NULL, NULL),
(538, 180, 1, NULL, NULL),
(539, 180, 9, NULL, NULL),
(540, 180, 15, NULL, NULL),
(541, 181, 2, NULL, NULL),
(542, 181, 13, NULL, NULL),
(543, 181, 18, NULL, NULL),
(544, 182, 3, NULL, NULL),
(545, 182, 7, NULL, NULL),
(546, 182, 15, NULL, NULL),
(547, 183, 4, NULL, NULL),
(548, 183, 14, NULL, NULL),
(549, 183, 20, NULL, NULL),
(550, 184, 5, NULL, NULL),
(551, 184, 9, NULL, NULL),
(552, 184, 20, NULL, NULL),
(553, 185, 3, NULL, NULL),
(554, 185, 13, NULL, NULL),
(555, 185, 16, NULL, NULL),
(556, 186, 1, NULL, NULL),
(557, 186, 11, NULL, NULL),
(558, 186, 20, NULL, NULL),
(559, 187, 5, NULL, NULL),
(560, 187, 13, NULL, NULL),
(561, 187, 20, NULL, NULL),
(562, 188, 2, NULL, NULL),
(563, 188, 10, NULL, NULL),
(564, 188, 15, NULL, NULL),
(565, 189, 2, NULL, NULL),
(566, 189, 11, NULL, NULL),
(567, 189, 16, NULL, NULL),
(568, 190, 5, NULL, NULL),
(569, 190, 12, NULL, NULL),
(570, 190, 19, NULL, NULL),
(571, 191, 5, NULL, NULL),
(572, 191, 14, NULL, NULL),
(573, 191, 18, NULL, NULL),
(574, 192, 3, NULL, NULL),
(575, 192, 10, NULL, NULL),
(576, 192, 18, NULL, NULL),
(577, 193, 3, NULL, NULL),
(578, 193, 7, NULL, NULL),
(579, 193, 18, NULL, NULL),
(580, 194, 3, NULL, NULL),
(581, 194, 6, NULL, NULL),
(582, 194, 20, NULL, NULL),
(583, 195, 3, NULL, NULL),
(584, 195, 11, NULL, NULL),
(585, 195, 20, NULL, NULL),
(586, 196, 4, NULL, NULL),
(587, 196, 11, NULL, NULL),
(588, 196, 17, NULL, NULL),
(589, 197, 4, NULL, NULL),
(590, 197, 11, NULL, NULL),
(591, 197, 16, NULL, NULL),
(592, 198, 4, NULL, NULL),
(593, 198, 14, NULL, NULL),
(594, 198, 19, NULL, NULL),
(595, 199, 4, NULL, NULL),
(596, 199, 8, NULL, NULL),
(597, 199, 17, NULL, NULL),
(598, 200, 1, NULL, NULL),
(599, 200, 7, NULL, NULL),
(600, 200, 16, NULL, NULL),
(601, 201, 4, NULL, NULL),
(602, 201, 6, NULL, NULL),
(603, 201, 16, NULL, NULL),
(604, 202, 2, NULL, NULL),
(605, 202, 10, NULL, NULL),
(606, 202, 19, NULL, NULL),
(607, 203, 5, NULL, NULL),
(608, 203, 6, NULL, NULL),
(609, 203, 20, NULL, NULL),
(610, 204, 3, NULL, NULL),
(611, 204, 10, NULL, NULL),
(612, 204, 20, NULL, NULL),
(613, 205, 3, NULL, NULL),
(614, 205, 14, NULL, NULL),
(615, 205, 18, NULL, NULL),
(616, 206, 2, NULL, NULL),
(617, 206, 12, NULL, NULL),
(618, 206, 15, NULL, NULL),
(619, 207, 4, NULL, NULL),
(620, 207, 10, NULL, NULL),
(621, 207, 19, NULL, NULL),
(622, 208, 1, NULL, NULL),
(623, 208, 7, NULL, NULL),
(624, 208, 19, NULL, NULL),
(625, 209, 5, NULL, NULL),
(626, 209, 14, NULL, NULL),
(627, 209, 15, NULL, NULL),
(628, 210, 2, NULL, NULL),
(629, 210, 14, NULL, NULL),
(630, 210, 16, NULL, NULL),
(631, 211, 3, NULL, NULL),
(632, 211, 12, NULL, NULL),
(633, 211, 16, NULL, NULL),
(634, 212, 5, NULL, NULL),
(635, 212, 6, NULL, NULL),
(636, 212, 19, NULL, NULL),
(637, 213, 3, NULL, NULL),
(638, 213, 14, NULL, NULL),
(639, 213, 19, NULL, NULL),
(640, 214, 2, NULL, NULL),
(641, 214, 9, NULL, NULL),
(642, 214, 16, NULL, NULL),
(643, 215, 2, NULL, NULL),
(644, 215, 13, NULL, NULL),
(645, 215, 15, NULL, NULL),
(646, 216, 5, NULL, NULL),
(647, 216, 7, NULL, NULL),
(648, 216, 20, NULL, NULL),
(649, 217, 5, NULL, NULL),
(650, 217, 14, NULL, NULL),
(651, 217, 17, NULL, NULL),
(652, 218, 4, NULL, NULL),
(653, 218, 14, NULL, NULL),
(654, 218, 18, NULL, NULL),
(655, 219, 2, NULL, NULL),
(656, 219, 13, NULL, NULL),
(657, 219, 17, NULL, NULL),
(658, 220, 3, NULL, NULL),
(659, 220, 7, NULL, NULL),
(660, 220, 17, NULL, NULL),
(661, 221, 3, NULL, NULL),
(662, 221, 13, NULL, NULL),
(663, 221, 15, NULL, NULL),
(664, 222, 4, NULL, NULL),
(665, 222, 11, NULL, NULL),
(666, 222, 15, NULL, NULL),
(667, 223, 3, NULL, NULL),
(668, 223, 6, NULL, NULL),
(669, 223, 15, NULL, NULL),
(670, 224, 2, NULL, NULL),
(671, 224, 9, NULL, NULL),
(672, 224, 18, NULL, NULL),
(673, 225, 3, NULL, NULL),
(674, 225, 12, NULL, NULL),
(675, 225, 17, NULL, NULL),
(676, 226, 4, NULL, NULL),
(677, 226, 10, NULL, NULL),
(678, 226, 18, NULL, NULL),
(679, 227, 3, NULL, NULL),
(680, 227, 10, NULL, NULL),
(681, 227, 17, NULL, NULL),
(682, 228, 5, NULL, NULL),
(683, 228, 7, NULL, NULL),
(684, 228, 17, NULL, NULL),
(685, 229, 2, NULL, NULL),
(686, 229, 11, NULL, NULL),
(687, 229, 16, NULL, NULL),
(688, 230, 4, NULL, NULL),
(689, 230, 14, NULL, NULL),
(690, 230, 17, NULL, NULL),
(691, 231, 1, NULL, NULL),
(692, 231, 10, NULL, NULL),
(693, 231, 16, NULL, NULL),
(694, 232, 2, NULL, NULL),
(695, 232, 8, NULL, NULL),
(696, 232, 20, NULL, NULL),
(697, 233, 3, NULL, NULL),
(698, 233, 13, NULL, NULL),
(699, 233, 20, NULL, NULL),
(700, 234, 3, NULL, NULL),
(701, 234, 6, NULL, NULL),
(702, 234, 17, NULL, NULL),
(703, 235, 1, NULL, NULL),
(704, 235, 11, NULL, NULL),
(705, 235, 15, NULL, NULL),
(706, 236, 3, NULL, NULL),
(707, 236, 7, NULL, NULL),
(708, 236, 18, NULL, NULL),
(709, 237, 1, NULL, NULL),
(710, 237, 12, NULL, NULL),
(711, 237, 15, NULL, NULL),
(712, 238, 3, NULL, NULL),
(713, 238, 10, NULL, NULL),
(714, 238, 16, NULL, NULL),
(715, 239, 1, NULL, NULL),
(716, 239, 14, NULL, NULL),
(717, 239, 19, NULL, NULL),
(718, 240, 2, NULL, NULL),
(719, 240, 12, NULL, NULL),
(720, 240, 19, NULL, NULL),
(721, 241, 4, NULL, NULL),
(722, 241, 14, NULL, NULL),
(723, 241, 16, NULL, NULL),
(724, 242, 1, NULL, NULL),
(725, 242, 8, NULL, NULL),
(726, 242, 18, NULL, NULL),
(727, 243, 5, NULL, NULL),
(728, 243, 12, NULL, NULL),
(729, 243, 17, NULL, NULL),
(730, 244, 5, NULL, NULL),
(731, 244, 8, NULL, NULL),
(732, 244, 18, NULL, NULL),
(733, 245, 2, NULL, NULL),
(734, 245, 9, NULL, NULL),
(735, 245, 15, NULL, NULL),
(736, 246, 2, NULL, NULL),
(737, 246, 13, NULL, NULL),
(738, 246, 16, NULL, NULL),
(739, 247, 1, NULL, NULL),
(740, 247, 14, NULL, NULL),
(741, 247, 20, NULL, NULL),
(742, 248, 1, NULL, NULL),
(743, 248, 11, NULL, NULL),
(744, 248, 18, NULL, NULL),
(745, 249, 3, NULL, NULL),
(746, 249, 11, NULL, NULL),
(747, 249, 17, NULL, NULL),
(748, 250, 2, NULL, NULL),
(749, 250, 13, NULL, NULL),
(750, 250, 15, NULL, NULL),
(751, 251, 1, NULL, NULL),
(752, 251, 11, NULL, NULL),
(753, 251, 15, NULL, NULL),
(754, 252, 2, NULL, NULL),
(755, 252, 12, NULL, NULL),
(756, 252, 16, NULL, NULL),
(757, 253, 5, NULL, NULL),
(758, 253, 11, NULL, NULL),
(759, 253, 20, NULL, NULL),
(760, 254, 3, NULL, NULL),
(761, 254, 10, NULL, NULL),
(762, 254, 16, NULL, NULL),
(763, 255, 1, NULL, NULL),
(764, 255, 12, NULL, NULL),
(765, 255, 18, NULL, NULL),
(766, 256, 1, NULL, NULL),
(767, 256, 7, NULL, NULL),
(768, 256, 17, NULL, NULL),
(769, 257, 3, NULL, NULL),
(770, 257, 7, NULL, NULL),
(771, 257, 17, NULL, NULL),
(772, 258, 3, NULL, NULL),
(773, 258, 9, NULL, NULL),
(774, 258, 20, NULL, NULL),
(775, 259, 1, NULL, NULL),
(776, 259, 12, NULL, NULL),
(777, 259, 18, NULL, NULL),
(778, 260, 3, NULL, NULL),
(779, 260, 6, NULL, NULL),
(780, 260, 17, NULL, NULL),
(781, 261, 3, NULL, NULL),
(782, 261, 6, NULL, NULL),
(783, 261, 15, NULL, NULL),
(784, 262, 3, NULL, NULL),
(785, 262, 9, NULL, NULL),
(786, 262, 19, NULL, NULL),
(787, 263, 4, NULL, NULL),
(788, 263, 9, NULL, NULL),
(789, 263, 17, NULL, NULL),
(790, 264, 4, NULL, NULL),
(791, 264, 13, NULL, NULL),
(792, 264, 20, NULL, NULL),
(793, 265, 5, NULL, NULL),
(794, 265, 14, NULL, NULL),
(795, 265, 19, NULL, NULL),
(796, 266, 3, NULL, NULL),
(797, 266, 7, NULL, NULL),
(798, 266, 20, NULL, NULL),
(799, 267, 5, NULL, NULL),
(800, 267, 11, NULL, NULL),
(801, 267, 15, NULL, NULL),
(802, 268, 2, NULL, NULL),
(803, 268, 7, NULL, NULL),
(804, 268, 17, NULL, NULL),
(805, 269, 2, NULL, NULL),
(806, 269, 7, NULL, NULL),
(807, 269, 16, NULL, NULL),
(808, 270, 5, NULL, NULL),
(809, 270, 11, NULL, NULL),
(810, 270, 16, NULL, NULL),
(811, 271, 3, NULL, NULL),
(812, 271, 7, NULL, NULL),
(813, 271, 16, NULL, NULL),
(814, 272, 3, NULL, NULL),
(815, 272, 12, NULL, NULL),
(816, 272, 19, NULL, NULL),
(817, 273, 2, NULL, NULL),
(818, 273, 10, NULL, NULL),
(819, 273, 15, NULL, NULL),
(820, 274, 4, NULL, NULL),
(821, 274, 8, NULL, NULL),
(822, 274, 20, NULL, NULL),
(823, 275, 4, NULL, NULL),
(824, 275, 7, NULL, NULL),
(825, 275, 20, NULL, NULL),
(826, 276, 2, NULL, NULL),
(827, 276, 12, NULL, NULL),
(828, 276, 15, NULL, NULL),
(829, 277, 1, NULL, NULL),
(830, 277, 11, NULL, NULL),
(831, 277, 18, NULL, NULL),
(832, 278, 2, NULL, NULL),
(833, 278, 6, NULL, NULL),
(834, 278, 19, NULL, NULL),
(835, 279, 4, NULL, NULL),
(836, 279, 9, NULL, NULL),
(837, 279, 20, NULL, NULL),
(838, 280, 5, NULL, NULL),
(839, 280, 9, NULL, NULL),
(840, 280, 18, NULL, NULL),
(841, 281, 1, NULL, NULL),
(842, 281, 13, NULL, NULL),
(843, 281, 19, NULL, NULL),
(844, 282, 2, NULL, NULL),
(845, 282, 9, NULL, NULL),
(846, 282, 17, NULL, NULL),
(847, 283, 1, NULL, NULL),
(848, 283, 12, NULL, NULL),
(849, 283, 20, NULL, NULL),
(850, 284, 1, NULL, NULL),
(851, 284, 10, NULL, NULL),
(852, 284, 16, NULL, NULL),
(853, 285, 1, NULL, NULL),
(854, 285, 7, NULL, NULL),
(855, 285, 17, NULL, NULL),
(856, 286, 5, NULL, NULL),
(857, 286, 10, NULL, NULL),
(858, 286, 15, NULL, NULL),
(859, 287, 5, NULL, NULL),
(860, 287, 11, NULL, NULL),
(861, 287, 19, NULL, NULL),
(862, 288, 3, NULL, NULL),
(863, 288, 14, NULL, NULL),
(864, 288, 19, NULL, NULL),
(865, 289, 2, NULL, NULL),
(866, 289, 11, NULL, NULL),
(867, 289, 16, NULL, NULL),
(868, 290, 2, NULL, NULL),
(869, 290, 10, NULL, NULL),
(870, 290, 18, NULL, NULL),
(871, 291, 5, NULL, NULL),
(872, 291, 10, NULL, NULL),
(873, 291, 17, NULL, NULL),
(874, 292, 4, NULL, NULL),
(875, 292, 13, NULL, NULL),
(876, 292, 19, NULL, NULL),
(877, 293, 1, NULL, NULL),
(878, 293, 14, NULL, NULL),
(879, 293, 17, NULL, NULL),
(880, 294, 1, NULL, NULL),
(881, 294, 14, NULL, NULL),
(882, 294, 20, NULL, NULL),
(883, 295, 3, NULL, NULL),
(884, 295, 6, NULL, NULL),
(885, 295, 20, NULL, NULL),
(886, 296, 5, NULL, NULL),
(887, 296, 14, NULL, NULL),
(888, 296, 17, NULL, NULL),
(889, 297, 5, NULL, NULL),
(890, 297, 13, NULL, NULL),
(891, 297, 15, NULL, NULL),
(892, 298, 4, NULL, NULL),
(893, 298, 9, NULL, NULL),
(894, 298, 15, NULL, NULL),
(895, 299, 3, NULL, NULL),
(896, 299, 12, NULL, NULL),
(897, 299, 18, NULL, NULL),
(898, 300, 4, NULL, NULL),
(899, 300, 6, NULL, NULL),
(900, 300, 15, NULL, NULL),
(916, 307, 16, NULL, NULL),
(917, 307, 20, NULL, NULL),
(918, 307, 1, NULL, NULL),
(919, 307, 12, NULL, NULL),
(920, 307, 6, NULL, NULL);

-- --------------------------------------------------------

--
-- Table structure for table `tags`
--

CREATE TABLE `tags` (
  `id` int(10) UNSIGNED NOT NULL,
  `name` varchar(128) COLLATE utf8mb4_unicode_ci NOT NULL,
  `slug` varchar(128) COLLATE utf8mb4_unicode_ci NOT NULL,
  `created_at` timestamp NULL DEFAULT NULL,
  `updated_at` timestamp NULL DEFAULT NULL
) ENGINE=InnoDB DEFAULT CHARSET=utf8mb4 COLLATE=utf8mb4_unicode_ci;

--
-- Dumping data for table `tags`
--

INSERT INTO `tags` (`id`, `name`, `slug`, `created_at`, `updated_at`) VALUES
(1, 'quia', 'quia', '2018-05-29 06:45:27', '2018-05-29 06:45:27'),
(2, 'dolor', 'dolor', '2018-05-29 06:45:27', '2018-05-29 06:45:27'),
(3, 'voluptatem', 'voluptatem', '2018-05-29 06:45:27', '2018-05-29 06:45:27'),
(4, 'perspiciatis', 'perspiciatis', '2018-05-29 06:45:27', '2018-05-29 06:45:27'),
(5, 'debitis', 'debitis', '2018-05-29 06:45:27', '2018-05-29 06:45:27'),
(6, 'eum', 'eum', '2018-05-29 06:45:27', '2018-05-29 06:45:27'),
(7, 'iure', 'iure', '2018-05-29 06:45:27', '2018-05-29 06:45:27'),
(8, 'asperiores', 'asperiores', '2018-05-29 06:45:27', '2018-05-29 06:45:27'),
(9, 'facilis', 'facilis', '2018-05-29 06:45:27', '2018-05-29 06:45:27'),
(10, 'aut', 'aut', '2018-05-29 06:45:27', '2018-05-29 06:45:27'),
(11, 'est', 'est', '2018-05-29 06:45:27', '2018-05-29 06:45:27'),
(12, 'dolorem', 'dolorem', '2018-05-29 06:45:27', '2018-05-29 06:45:27'),
(13, 'aperiam', 'aperiam', '2018-05-29 06:45:27', '2018-05-29 06:45:27'),
(14, 'nisi', 'nisi', '2018-05-29 06:45:27', '2018-05-29 06:45:27'),
(15, 'veniam', 'veniam', '2018-05-29 06:45:27', '2018-05-29 06:45:27'),
(16, 'itaque', 'itaque', '2018-05-29 06:45:27', '2018-05-29 06:45:27'),
(17, 'id', 'id', '2018-05-29 06:45:27', '2018-05-29 06:45:27'),
(18, 'eos', 'eos', '2018-05-29 06:45:27', '2018-05-29 06:45:27'),
(19, 'iste', 'iste', '2018-05-29 06:45:27', '2018-05-29 06:45:27'),
(20, 'nesciunt', 'nesciunt', '2018-05-29 06:45:27', '2018-05-29 06:45:27');

-- --------------------------------------------------------

--
-- Table structure for table `users`
--

CREATE TABLE `users` (
  `id` int(10) UNSIGNED NOT NULL,
  `name` varchar(255) COLLATE utf8mb4_unicode_ci NOT NULL,
  `email` varchar(128) COLLATE utf8mb4_unicode_ci NOT NULL,
  `password` varchar(255) COLLATE utf8mb4_unicode_ci NOT NULL,
  `remember_token` varchar(100) COLLATE utf8mb4_unicode_ci DEFAULT NULL,
  `created_at` timestamp NULL DEFAULT NULL,
  `updated_at` timestamp NULL DEFAULT NULL
) ENGINE=InnoDB DEFAULT CHARSET=utf8mb4 COLLATE=utf8mb4_unicode_ci;

--
-- Dumping data for table `users`
--

INSERT INTO `users` (`id`, `name`, `email`, `password`, `remember_token`, `created_at`, `updated_at`) VALUES
(1, 'Prof. Francisco Mann', 'noconnell@example.com', '$2y$10$TKh8H1.PfQx37YgCzwiKb.KjNyWgaHb9cbcoQgdIVFlYg7B77UdFm', 'y6AfuENO4M', '2018-05-29 06:45:25', '2018-05-29 06:45:25'),
(2, 'Prof. Noelia O\'Hara', 'rippin.amie@example.com', '$2y$10$TKh8H1.PfQx37YgCzwiKb.KjNyWgaHb9cbcoQgdIVFlYg7B77UdFm', 'oNIekFuU0b', '2018-05-29 06:45:25', '2018-05-29 06:45:25'),
(3, 'Zoe Runte I', 'sophia46@example.com', '$2y$10$TKh8H1.PfQx37YgCzwiKb.KjNyWgaHb9cbcoQgdIVFlYg7B77UdFm', 'xGUxZSwvoo', '2018-05-29 06:45:25', '2018-05-29 06:45:25'),
(4, 'Prof. Madonna Stiedemann DVM', 'hartmann.rafael@example.com', '$2y$10$TKh8H1.PfQx37YgCzwiKb.KjNyWgaHb9cbcoQgdIVFlYg7B77UdFm', 'QfZMfc3mm0', '2018-05-29 06:45:25', '2018-05-29 06:45:25'),
(5, 'Teresa Thompson', 'rhea.gerhold@example.net', '$2y$10$TKh8H1.PfQx37YgCzwiKb.KjNyWgaHb9cbcoQgdIVFlYg7B77UdFm', 'SaxZgeUykR', '2018-05-29 06:45:25', '2018-05-29 06:45:25'),
(6, 'Oswaldo Murphy', 'johnpaul64@example.org', '$2y$10$TKh8H1.PfQx37YgCzwiKb.KjNyWgaHb9cbcoQgdIVFlYg7B77UdFm', 'IpkX3Dg0FW', '2018-05-29 06:45:25', '2018-05-29 06:45:25'),
(7, 'Annabel Swift', 'zieme.aniya@example.com', '$2y$10$TKh8H1.PfQx37YgCzwiKb.KjNyWgaHb9cbcoQgdIVFlYg7B77UdFm', 'iTWs6zPVh4', '2018-05-29 06:45:25', '2018-05-29 06:45:25'),
(8, 'Mr. Curt Steuber IV', 'brain.ebert@example.org', '$2y$10$TKh8H1.PfQx37YgCzwiKb.KjNyWgaHb9cbcoQgdIVFlYg7B77UdFm', '4hMl9UeBhn', '2018-05-29 06:45:25', '2018-05-29 06:45:25'),
(9, 'Desiree Mills', 'griffin.pollich@example.org', '$2y$10$TKh8H1.PfQx37YgCzwiKb.KjNyWgaHb9cbcoQgdIVFlYg7B77UdFm', 'gt6gK6xOz7', '2018-05-29 06:45:25', '2018-05-29 06:45:25'),
(10, 'Dolly Mitchell', 'verdie41@example.com', '$2y$10$TKh8H1.PfQx37YgCzwiKb.KjNyWgaHb9cbcoQgdIVFlYg7B77UdFm', 'PLESf3YcmR', '2018-05-29 06:45:25', '2018-05-29 06:45:25'),
(11, 'Kimberly Konopelski', 'chelsea.legros@example.org', '$2y$10$TKh8H1.PfQx37YgCzwiKb.KjNyWgaHb9cbcoQgdIVFlYg7B77UdFm', '724qZipnIc', '2018-05-29 06:45:25', '2018-05-29 06:45:25'),
(12, 'Constantin Ortiz', 'ebony95@example.org', '$2y$10$TKh8H1.PfQx37YgCzwiKb.KjNyWgaHb9cbcoQgdIVFlYg7B77UdFm', 'B6YU0vr6hP', '2018-05-29 06:45:25', '2018-05-29 06:45:25'),
(13, 'Morton Gislason', 'doyle.seamus@example.net', '$2y$10$TKh8H1.PfQx37YgCzwiKb.KjNyWgaHb9cbcoQgdIVFlYg7B77UdFm', 'shGe6cJkIk', '2018-05-29 06:45:25', '2018-05-29 06:45:25'),
(14, 'Rebeka Hintz', 'brekke.mireya@example.com', '$2y$10$TKh8H1.PfQx37YgCzwiKb.KjNyWgaHb9cbcoQgdIVFlYg7B77UdFm', 'kDFLhf8xF4', '2018-05-29 06:45:25', '2018-05-29 06:45:25'),
(15, 'Prof. Arno Larkin IV', 'elise37@example.com', '$2y$10$TKh8H1.PfQx37YgCzwiKb.KjNyWgaHb9cbcoQgdIVFlYg7B77UdFm', '6JWGuHTfnp', '2018-05-29 06:45:25', '2018-05-29 06:45:25'),
(16, 'Jamie Torphy Jr.', 'wilmer38@example.org', '$2y$10$TKh8H1.PfQx37YgCzwiKb.KjNyWgaHb9cbcoQgdIVFlYg7B77UdFm', 'tokk93CVz8', '2018-05-29 06:45:25', '2018-05-29 06:45:25'),
(17, 'Stewart Stoltenberg', 'dawson.mann@example.org', '$2y$10$TKh8H1.PfQx37YgCzwiKb.KjNyWgaHb9cbcoQgdIVFlYg7B77UdFm', 'lo3EyYlChN', '2018-05-29 06:45:25', '2018-05-29 06:45:25'),
(18, 'Hassan Bergnaum', 'tlittel@example.org', '$2y$10$TKh8H1.PfQx37YgCzwiKb.KjNyWgaHb9cbcoQgdIVFlYg7B77UdFm', 'TEMMhXXtJs', '2018-05-29 06:45:25', '2018-05-29 06:45:25'),
(19, 'Mr. Wayne Morar DVM', 'rodrigo63@example.org', '$2y$10$TKh8H1.PfQx37YgCzwiKb.KjNyWgaHb9cbcoQgdIVFlYg7B77UdFm', '9B9u5hUICl', '2018-05-29 06:45:25', '2018-05-29 06:45:25'),
(20, 'Garret Cruickshank', 'hoppe.rae@example.com', '$2y$10$TKh8H1.PfQx37YgCzwiKb.KjNyWgaHb9cbcoQgdIVFlYg7B77UdFm', 'ofg8vwZG8h', '2018-05-29 06:45:25', '2018-05-29 06:45:25'),
(21, 'Yasmine Watsica', 'pluettgen@example.com', '$2y$10$TKh8H1.PfQx37YgCzwiKb.KjNyWgaHb9cbcoQgdIVFlYg7B77UdFm', 'XlgEDS6C9p', '2018-05-29 06:45:25', '2018-05-29 06:45:25'),
(22, 'Mertie Kshlerin', 'nbogisich@example.net', '$2y$10$TKh8H1.PfQx37YgCzwiKb.KjNyWgaHb9cbcoQgdIVFlYg7B77UdFm', 'U3S3TzhMf8', '2018-05-29 06:45:25', '2018-05-29 06:45:25'),
(23, 'Krista Kling', 'ruth20@example.com', '$2y$10$TKh8H1.PfQx37YgCzwiKb.KjNyWgaHb9cbcoQgdIVFlYg7B77UdFm', 'bqpFOwyh8l', '2018-05-29 06:45:25', '2018-05-29 06:45:25'),
(24, 'Prof. Berry Wolff Jr.', 'fcasper@example.net', '$2y$10$TKh8H1.PfQx37YgCzwiKb.KjNyWgaHb9cbcoQgdIVFlYg7B77UdFm', 'SaR7n77ykK', '2018-05-29 06:45:26', '2018-05-29 06:45:26'),
(25, 'Mr. Jarrett Schumm IV', 'von.graciela@example.com', '$2y$10$TKh8H1.PfQx37YgCzwiKb.KjNyWgaHb9cbcoQgdIVFlYg7B77UdFm', 'RYJyGRhXi2', '2018-05-29 06:45:26', '2018-05-29 06:45:26'),
(26, 'Alberta Goodwin', 'gulgowski.ike@example.org', '$2y$10$TKh8H1.PfQx37YgCzwiKb.KjNyWgaHb9cbcoQgdIVFlYg7B77UdFm', 'jGB9XlYlF6', '2018-05-29 06:45:26', '2018-05-29 06:45:26'),
(27, 'Clementine Murphy', 'clovis35@example.com', '$2y$10$TKh8H1.PfQx37YgCzwiKb.KjNyWgaHb9cbcoQgdIVFlYg7B77UdFm', 'XKBNBYeJVr', '2018-05-29 06:45:26', '2018-05-29 06:45:26'),
(28, 'Dr. Jarvis Carter DDS', 'otis35@example.com', '$2y$10$TKh8H1.PfQx37YgCzwiKb.KjNyWgaHb9cbcoQgdIVFlYg7B77UdFm', 'NMQTeUZy8m', '2018-05-29 06:45:26', '2018-05-29 06:45:26'),
(29, 'Aurelie Gorczany', 'volkman.parker@example.com', '$2y$10$TKh8H1.PfQx37YgCzwiKb.KjNyWgaHb9cbcoQgdIVFlYg7B77UdFm', 'JCYTJ8ISdU', '2018-05-29 06:45:26', '2018-05-29 06:45:26'),
(30, 'Caspar Lee', 'casplee@yahoo.com', '$2y$10$6urJDH0af8A2VRHNSBuTSerD4EJ7jpNwDE6lORLscFVUFQ7IBS0bq', 'tNEA2BRlRa3rSof13BzotILwVaj5Yu2jthKUMLYxjzXPSZ8Aq2Zl1UnRT52v', '2018-05-29 06:45:26', '2018-05-29 06:45:26');

--
-- Indexes for dumped tables
--

--
-- Indexes for table `categories`
--
ALTER TABLE `categories`
  ADD PRIMARY KEY (`id`),
  ADD UNIQUE KEY `categories_slug_unique` (`slug`);

--
-- Indexes for table `migrations`
--
ALTER TABLE `migrations`
  ADD PRIMARY KEY (`id`);

--
-- Indexes for table `password_resets`
--
ALTER TABLE `password_resets`
  ADD KEY `password_resets_email_index` (`email`);

--
-- Indexes for table `posts`
--
ALTER TABLE `posts`
  ADD PRIMARY KEY (`id`),
  ADD UNIQUE KEY `posts_slug_unique` (`slug`),
  ADD KEY `posts_user_id_foreign` (`user_id`),
  ADD KEY `posts_category_id_foreign` (`category_id`);

--
-- Indexes for table `post_tag`
--
ALTER TABLE `post_tag`
  ADD PRIMARY KEY (`id`),
  ADD KEY `post_tag_post_id_foreign` (`post_id`),
  ADD KEY `post_tag_tag_id_foreign` (`tag_id`);

--
-- Indexes for table `tags`
--
ALTER TABLE `tags`
  ADD PRIMARY KEY (`id`),
  ADD UNIQUE KEY `tags_slug_unique` (`slug`);

--
-- Indexes for table `users`
--
ALTER TABLE `users`
  ADD PRIMARY KEY (`id`),
  ADD UNIQUE KEY `users_email_unique` (`email`);

--
-- AUTO_INCREMENT for dumped tables
--

--
-- AUTO_INCREMENT for table `categories`
--
ALTER TABLE `categories`
  MODIFY `id` int(10) UNSIGNED NOT NULL AUTO_INCREMENT, AUTO_INCREMENT=21;
--
-- AUTO_INCREMENT for table `migrations`
--
ALTER TABLE `migrations`
  MODIFY `id` int(10) UNSIGNED NOT NULL AUTO_INCREMENT, AUTO_INCREMENT=55;
--
-- AUTO_INCREMENT for table `posts`
--
ALTER TABLE `posts`
  MODIFY `id` int(10) UNSIGNED NOT NULL AUTO_INCREMENT, AUTO_INCREMENT=308;
--
-- AUTO_INCREMENT for table `post_tag`
--
ALTER TABLE `post_tag`
  MODIFY `id` int(10) UNSIGNED NOT NULL AUTO_INCREMENT, AUTO_INCREMENT=921;
--
-- AUTO_INCREMENT for table `tags`
--
ALTER TABLE `tags`
  MODIFY `id` int(10) UNSIGNED NOT NULL AUTO_INCREMENT, AUTO_INCREMENT=21;
--
-- AUTO_INCREMENT for table `users`
--
ALTER TABLE `users`
  MODIFY `id` int(10) UNSIGNED NOT NULL AUTO_INCREMENT, AUTO_INCREMENT=31;
--
-- Constraints for dumped tables
--

--
-- Constraints for table `posts`
--
ALTER TABLE `posts`
  ADD CONSTRAINT `posts_category_id_foreign` FOREIGN KEY (`category_id`) REFERENCES `categories` (`id`) ON DELETE CASCADE ON UPDATE CASCADE,
  ADD CONSTRAINT `posts_user_id_foreign` FOREIGN KEY (`user_id`) REFERENCES `users` (`id`) ON DELETE CASCADE ON UPDATE CASCADE;

--
-- Constraints for table `post_tag`
--
ALTER TABLE `post_tag`
  ADD CONSTRAINT `post_tag_post_id_foreign` FOREIGN KEY (`post_id`) REFERENCES `posts` (`id`) ON DELETE CASCADE ON UPDATE CASCADE,
  ADD CONSTRAINT `post_tag_tag_id_foreign` FOREIGN KEY (`tag_id`) REFERENCES `tags` (`id`) ON DELETE CASCADE ON UPDATE CASCADE;

/*!40101 SET CHARACTER_SET_CLIENT=@OLD_CHARACTER_SET_CLIENT */;
/*!40101 SET CHARACTER_SET_RESULTS=@OLD_CHARACTER_SET_RESULTS */;
/*!40101 SET COLLATION_CONNECTION=@OLD_COLLATION_CONNECTION */;
